-- phpMyAdmin SQL Dump
-- version 5.1.1
-- https://www.phpmyadmin.net/
--
-- Hôte : 127.0.0.1
-- Généré le : jeu. 22 sep. 2022 à 15:56
-- Version du serveur : 10.4.22-MariaDB
-- Version de PHP : 8.1.2

SET SQL_MODE = "NO_AUTO_VALUE_ON_ZERO";
START TRANSACTION;
SET time_zone = "+00:00";


/*!40101 SET @OLD_CHARACTER_SET_CLIENT=@@CHARACTER_SET_CLIENT */;
/*!40101 SET @OLD_CHARACTER_SET_RESULTS=@@CHARACTER_SET_RESULTS */;
/*!40101 SET @OLD_COLLATION_CONNECTION=@@COLLATION_CONNECTION */;
/*!40101 SET NAMES utf8mb4 */;

--
-- Base de données : `site_mh`
--

-- --------------------------------------------------------

--
-- Structure de la table `ailment`
--

CREATE TABLE `ailment` (
  `a_id` int(11) NOT NULL,
  `a_name` varchar(255) NOT NULL
) ENGINE=InnoDB DEFAULT CHARSET=utf8mb4;

--
-- Déchargement des données de la table `ailment`
--

INSERT INTO `ailment` (`a_id`, `a_name`) VALUES
(1, 'Blastblight'),
(2, 'Blastscourge'),
(3, 'Bleeding'),
(4, 'Boned'),
(5, 'Bubble'),
(6, 'Confusion'),
(7, 'Deadly Poison'),
(8, 'Defence Down'),
(9, 'Dragonblight'),
(10, 'Effluvium'),
(11, 'Fatigue'),
(12, 'Fireblight'),
(13, 'Frenzy Virus'),
(14, 'Hellfireblight'),
(15, 'Iceblight'),
(16, 'Mucus'),
(17, 'Muddy'),
(18, 'Noxious Poison'),
(19, 'Paralysis'),
(20, 'Poison'),
(21, 'Sleep'),
(22, 'Slimeblight'),
(23, 'Snowman'),
(24, 'Soiled'),
(25, 'Stun'),
(26, 'Tarred'),
(27, 'Thunderblight'),
(28, 'Waterblight'),
(29, 'Webbed');

-- --------------------------------------------------------

--
-- Structure de la table `element`
--

CREATE TABLE `element` (
  `e_id` int(11) NOT NULL,
  `e_name` varchar(255) NOT NULL
) ENGINE=InnoDB DEFAULT CHARSET=utf8mb4;

--
-- Déchargement des données de la table `element`
--

INSERT INTO `element` (`e_id`, `e_name`) VALUES
(1, 'Dragon'),
(2, 'Fire'),
(3, 'Ice'),
(4, 'Poison'),
(5, 'Thunder'),
(6, 'Water');

-- --------------------------------------------------------

--
-- Structure de la table `game`
--

CREATE TABLE `game` (
  `g_id` int(11) NOT NULL,
  `g_name` varchar(255) NOT NULL
) ENGINE=InnoDB DEFAULT CHARSET=utf8mb4;

--
-- Déchargement des données de la table `game`
--

INSERT INTO `game` (`g_id`, `g_name`) VALUES
(1, 'Monster Hunter 3 Ultimate'),
(2, 'Monster Hunter 4 Ultimate'),
(3, 'Monster Hunter Generations Ultimate'),
(4, 'Monster Hunter World'),
(5, 'Monster Hunter Rise'),
(6, 'Monster Hunter Stories'),
(7, 'Monster Hunter Stories 2');

-- --------------------------------------------------------

--
-- Structure de la table `monster`
--

CREATE TABLE `monster` (
  `m_id` int(11) NOT NULL,
  `m_name` varchar(255) NOT NULL,
  `m_is_large` tinyint(1) NOT NULL,
  `m_image` varchar(255) DEFAULT NULL,
  `m_fk_type_id` int(11) DEFAULT NULL
) ENGINE=InnoDB DEFAULT CHARSET=utf8mb4;

--
-- Déchargement des données de la table `monster`
--

INSERT INTO `monster` (`m_id`, `m_name`, `m_is_large`, `m_image`, `m_fk_type_id`) VALUES
(1, 'Abyssal Lagiacrus', 1, NULL, 12),
(2, 'Acidic Glavenus', 1, NULL, 4),
(3, 'Agnaktor', 1, NULL, 12),
(4, 'Ahtal-Ka', 1, NULL, 14),
(5, 'Akantor', 1, NULL, 10),
(6, 'Aknosom', 1, NULL, 3),
(7, 'Alatreon', 1, NULL, 6),
(8, 'Almudron', 1, NULL, 12),
(9, 'Altaroth', 0, NULL, 14),
(10, 'Amatsu', 1, NULL, 6),
(11, 'Ancient Leshen', 1, NULL, 16),
(12, 'Anjanath', 1, NULL, 4),
(13, 'Anteka', 0, NULL, 11),
(14, 'Apceros', 0, NULL, 11),
(15, 'Apex Arzuros', 1, NULL, 7),
(16, 'Apex Diablos', 1, NULL, 10),
(17, 'Apex Mizutsune', 1, NULL, 12),
(18, 'Apex Rathalos', 1, NULL, 10),
(19, 'Apex Rathian', 1, NULL, 10),
(20, 'Apex Zinogre', 1, NULL, 8),
(21, 'Aptonoth', 0, NULL, 11),
(22, 'Arzuros', 1, NULL, 7),
(23, 'Ash Kecha Wacha', 1, NULL, 7),
(24, 'Astalos', 1, NULL, 10),
(25, 'Azure Rathalos', 1, NULL, 10),
(26, 'Baggi', 0, NULL, 3),
(27, 'Baleful Gigginox', 1, NULL, 10),
(28, 'Banbaro', 1, NULL, 4),
(29, 'Barioth', 1, NULL, 10),
(30, 'Barnos', 0, NULL, 19),
(31, 'Barroth', 1, NULL, 4),
(32, 'Basarios', 1, NULL, 10),
(33, 'Bazelgeuse', 1, NULL, 10),
(34, 'Behemoth', 1, NULL, 6),
(35, 'Beotodus', 1, NULL, 15),
(36, 'Berserk Tetsucabra', 1, NULL, 2),
(37, 'Bishaten', 1, NULL, 7),
(38, 'Black Diablos', 1, NULL, 10),
(39, 'Black Gravios', 1, NULL, 10),
(40, 'Blackveil Vaal Hazak', 1, NULL, 6),
(41, 'Blango', 0, NULL, 7),
(42, 'Blangonga', 1, NULL, 7),
(43, 'Bloodbath Diablos', 1, NULL, 10),
(44, 'Blue Yian Kut-Ku', 1, NULL, 3),
(45, 'Bnahabra', 0, NULL, 12),
(46, 'Boaboa', 0, NULL, 13),
(47, 'Boltreaver Astalos', 1, NULL, 10),
(48, 'Bombadgy', 0, NULL, 7),
(49, 'Brachydios', 1, NULL, 4),
(50, 'Brute Tigrex', 1, NULL, 10),
(51, 'Bulldrome', 1, NULL, 7),
(52, 'Bullfango', 0, NULL, 7),
(53, 'Ceadeus', 1, NULL, 6),
(54, 'Ceanataur', 0, NULL, 5),
(55, 'Cephadrome', 1, NULL, 15),
(56, 'Cephalos', 0, NULL, 12),
(57, 'Chameleos', 1, NULL, 6),
(58, 'Chaotic Gore Magala', 1, NULL, 1),
(59, 'Conga', 0, NULL, 7),
(60, 'Congalala', 1, NULL, 7),
(61, 'Coral Pukei-Pukei', 1, NULL, 3),
(62, 'Cortos', 0, NULL, 19),
(63, 'Crimson Fatalis', 1, NULL, 6),
(64, 'Crimson Qurupeco', 1, NULL, 3),
(65, 'Crimson Glow Valstrax', 1, NULL, 6),
(66, 'Crystalbeard Uragaan', 1, NULL, 4),
(67, 'Dah\'ren Mohran', 1, NULL, 6),
(68, 'Daimyo Hermitaur', 1, NULL, 5),
(69, 'Dalamadur', 1, NULL, 6),
(70, 'Deadeye Yian Garuga', 1, NULL, 12),
(71, 'Delex', 0, NULL, 15),
(72, 'Desert Seltas', 1, NULL, 14),
(73, 'Desert Seltas Queen', 1, NULL, 14),
(74, 'Deviljho', 1, NULL, 4),
(75, 'Diablos', 1, NULL, 10),
(76, 'Dire Miralis', 1, NULL, 6),
(77, 'Dodogama', 1, NULL, 8),
(78, 'Dreadking Rathalos', 1, NULL, 10),
(79, 'Dreadqueen Rathian', 1, NULL, 10),
(80, 'Drilltusk Tetsucabra', 1, NULL, 2),
(81, 'Duramboros', 1, NULL, 4),
(82, 'Ebony Odogaron', 1, NULL, 8),
(83, 'Elderfrost Gammoth', 1, NULL, 7),
(84, 'Emerald Congalala', 1, NULL, 7),
(85, 'Epioth', 0, NULL, 11),
(86, 'Fatalis', 1, NULL, 6),
(87, 'Felyne', 0, NULL, 13),
(88, 'Fish', 0, NULL, 9),
(89, 'Frostfang Barioth', 1, NULL, 10),
(90, 'Fulgur Anjanath', 1, NULL, 4),
(91, 'Furious Rajang', 1, NULL, 7),
(92, 'Gajalaka', 0, NULL, 13),
(93, 'Gajau', 0, NULL, 9),
(94, 'Gammoth', 1, NULL, 7),
(95, 'Gargwa', 1, NULL, 3),
(96, 'Gastodon', 0, NULL, 12),
(97, 'Gendrome', 1, NULL, 3),
(98, 'Genprey', 0, NULL, 3),
(99, 'Giadrome', 1, NULL, 3),
(100, 'Giaprey', 0, NULL, 3),
(101, 'Giggi', 0, NULL, 10),
(102, 'Gigginox', 1, NULL, 10),
(103, 'Girros', 0, NULL, 8),
(104, 'Glacial Agnaktor', 1, NULL, 12),
(105, 'Glavenus', 1, NULL, 4),
(106, 'Gobul', 1, NULL, 12),
(107, 'Gogmazios', 1, NULL, 6),
(108, 'Gold Rathian', 1, NULL, 10),
(109, 'Goldbeard Ceadeus', 1, NULL, 6),
(110, 'Gore Magala', 1, NULL, 1),
(111, 'Goss Harag', 1, NULL, 7),
(112, 'Gravios', 1, NULL, 10),
(113, 'Great Baggi', 1, NULL, 3),
(114, 'Great Dracophage Bug', 0, NULL, 14),
(115, 'Great Girros', 1, NULL, 8),
(116, 'Great Izuchi', 1, NULL, 3),
(117, 'Great Jaggi', 1, NULL, 3),
(118, 'Great Jagras', 1, NULL, 8),
(119, 'Great Maccao', 1, NULL, 3),
(120, 'Great Thunderbug', 0, NULL, 14),
(121, 'Great Wroggi', 1, NULL, 3),
(122, 'Green Nargacuga', 1, NULL, 10),
(123, 'Green Plesioth', 1, NULL, 15),
(124, 'Grimalkyne', 0, NULL, 13),
(125, 'Grimclaw Tigrex', 1, NULL, 10),
(126, 'Gypceros', 1, NULL, 3),
(127, 'Hallowed Jhen Mohran', 1, NULL, 6),
(128, 'Hellblade Glavenus', 1, NULL, 4),
(129, 'Hermitaur', 0, NULL, 5),
(130, 'Hornetaur', 0, NULL, 14),
(131, 'Iodrome', 1, NULL, 3),
(132, 'Ioprey', 0, NULL, 3),
(133, 'Ivory Lagiacrus', 1, NULL, 12),
(134, 'Izuchi', 0, NULL, 3),
(135, 'Jade Barroth', 1, NULL, 4),
(136, 'Jaggi', 0, NULL, 3),
(137, 'Jaggia', 0, NULL, 3),
(138, 'Jagras', 0, NULL, 8),
(139, 'Jhen Mohran', 1, NULL, 6),
(140, 'Jyuratodus', 1, NULL, 15),
(141, 'Kecha Wacha', 1, NULL, 7),
(142, 'Kelbi', 1, NULL, 11),
(143, 'Kestodon', 0, NULL, 11),
(144, 'Khezu', 1, NULL, 10),
(145, 'Kirin', 1, NULL, 6),
(146, 'Konchu', 0, NULL, 12),
(147, 'Kulu-Ya-Ku', 1, NULL, 3),
(148, 'Kulve Taroth', 1, NULL, 6),
(149, 'Kushala Daora', 1, NULL, 6),
(150, 'Lagiacrus', 1, NULL, 12),
(151, 'Lagombi', 1, NULL, 7),
(152, 'Lao-Shan Lung', 1, NULL, 6),
(153, 'Larinoth', 0, NULL, 11),
(154, 'Lavasioth', 1, NULL, 15),
(155, 'Legiana', 1, NULL, 10),
(156, 'Leshen', 1, NULL, 16),
(157, 'Ludroth', 0, NULL, 12),
(158, 'Lunastra', 1, NULL, 6),
(159, 'Maccao', 0, NULL, 3),
(160, 'Magnamalo', 1, NULL, 8),
(161, 'Makili Pietru', 1, NULL, 6),
(162, 'Malfestio', 1, NULL, 3),
(163, 'Melynx', 0, NULL, 13),
(164, 'Mernos', 0, NULL, 19),
(165, 'Mizutsune', 1, NULL, 12),
(166, 'Molten Tigrex', 1, NULL, 10),
(167, 'Monoblos', 1, NULL, 10),
(168, 'Moofah', 0, NULL, 11),
(169, 'Mosswine', 0, NULL, 11),
(170, 'Najarala', 1, NULL, 17),
(171, 'Nakarkos', 1, NULL, 6),
(172, 'Namielle', 1, NULL, 6),
(173, 'Nargacuga', 1, NULL, 10),
(174, 'Narwa the Allmother', 1, NULL, 6),
(175, 'Nergigante', 1, NULL, 6),
(176, 'Nerscylla', 1, NULL, 18),
(177, 'Nibelsnarf', 1, NULL, 12),
(178, 'Nightcloak Malfestio', 1, NULL, 3),
(179, 'Nightshade Paolumu', 1, NULL, 12),
(180, 'Noios', 0, NULL, 19),
(181, 'Odogaron', 1, NULL, 8),
(182, 'Oltura', 1, NULL, 6),
(183, 'Oroshi Kirin', 1, NULL, 6),
(184, 'Paolumu', 1, NULL, 10),
(185, 'Pink Rathian', 1, NULL, 10),
(186, 'Plesioth', 1, NULL, 15),
(187, 'Plum Daimyo Hermitaur', 1, NULL, 5),
(188, 'Popo', 0, NULL, 11),
(189, 'Pukei-Pukei', 1, NULL, 3),
(190, 'Purple Gypceros', 1, NULL, 3),
(191, 'Purple Ludroth', 1, NULL, 12),
(192, 'Qurupeco', 1, NULL, 3),
(193, 'Rachnoid', 0, NULL, 18),
(194, 'Radobaan', 1, NULL, 4),
(195, 'Raging Brachydios', 1, NULL, 4),
(196, 'Rajang', 1, NULL, 7),
(197, 'Rakna-Kadaki', 1, NULL, 18),
(198, 'Raphinos', 0, NULL, 19),
(199, 'Rathalos', 1, NULL, 10),
(200, 'Rathian', 1, NULL, 10),
(201, 'Red Khezu', 1, NULL, 10),
(202, 'Redhelm Arzuros', 1, NULL, 7),
(203, 'Remobra', 0, NULL, 17),
(204, 'Rhenoplos', 0, NULL, 11),
(205, 'Royal Ludroth', 1, NULL, 12),
(206, 'Ruby Basarios', 1, NULL, 10),
(207, 'Ruiner Nergigante', 1, NULL, 6),
(208, 'Rust Duramboros', 1, NULL, 4),
(209, 'Rusted Kushala Daora', 1, NULL, 6),
(210, 'Rustrazor Ceanataur', 1, NULL, 5),
(211, 'Safi\'jiiva', 1, NULL, 6),
(212, 'Sand Barioth', 1, NULL, 10),
(213, 'Savage Deviljho', 1, NULL, 4),
(214, 'Scarred Yian Garuga', 1, NULL, 10),
(215, 'Seething Bazelgeuse', 1, NULL, 10),
(216, 'Seltas', 1, NULL, 14),
(217, 'Seltas Queen', 1, NULL, 14),
(218, 'Seregios', 1, NULL, 10),
(219, 'Shagaru Magala', 1, NULL, 6),
(220, 'Shah Dalamadur', 1, NULL, 6),
(221, 'Shakalaka', 0, NULL, 13),
(222, 'Shamos', 0, NULL, 8),
(223, 'Shara Ishvalda', 1, NULL, 6),
(224, 'Shogun Ceanataur', 1, NULL, 5),
(225, 'Shrieking Legiana', 1, NULL, 10),
(226, 'Shrouded Nerscylla', 1, NULL, 18),
(227, 'Silver Rathalos', 1, NULL, 10),
(228, 'Silverwind Nargacuga', 1, NULL, 10),
(229, 'Slagtoth', 0, NULL, 11),
(230, 'Snowbaron Lagombi', 1, NULL, 7),
(231, 'Somnacanth', 1, NULL, 12),
(232, 'Soulseer Mizutsune', 1, NULL, 12),
(233, 'Steel Uragaan', 1, NULL, 4),
(234, 'Stonefist Hermitaur', 1, NULL, 5),
(235, 'Stygian Zinogre', 1, NULL, 8),
(236, 'Teostra', 1, NULL, 6),
(237, 'Tetranadon', 1, NULL, 2),
(238, 'Tetsucabra', 1, NULL, 2),
(239, 'Thunder Serpent Narwa', 1, NULL, 6),
(240, 'Thunderlord Zinogre', 1, NULL, 8),
(241, 'Tidal Najarala', 1, NULL, 17),
(242, 'Tigerstripe Zamtrios', 1, NULL, 2),
(243, 'Tigrex', 1, NULL, 10),
(244, 'Tobi-Kadachi', 1, NULL, 8),
(245, 'Tzitzi-Ya-Ku', 1, NULL, 3),
(246, 'Ukanlos', 1, NULL, 10),
(247, 'Uragaan', 1, NULL, 4),
(248, 'Uroktor', 0, NULL, 12),
(249, 'Vaal Hazak', 1, NULL, 6),
(250, 'Valstrax', 1, NULL, 6),
(251, 'Velkhana', 1, NULL, 6),
(252, 'Velocidrome', 1, NULL, 3),
(253, 'Velociprey', 0, NULL, 3),
(254, 'Versa Pietru', 1, NULL, 6),
(255, 'Vespoid', 0, NULL, 14),
(256, 'Viper Tobi-Kadachi', 1, NULL, 8),
(257, 'Volvidon', 1, NULL, 7),
(258, 'White Fatalis', 1, NULL, 6),
(259, 'White Monoblos', 1, NULL, 10),
(260, 'Wind Serpent Ibushi', 1, NULL, 6),
(261, 'Wroggi', 0, NULL, 3),
(262, 'Wulg', 0, NULL, 8),
(263, 'Xeno\'jiiva', 1, NULL, 6),
(264, 'Yian Garuga', 1, NULL, 3),
(265, 'Yian Kut-Ku', 1, NULL, 3),
(266, 'Zamite', 0, NULL, 2),
(267, 'Zamtrios', 1, NULL, 2),
(268, 'Zinogre', 1, NULL, 8),
(269, 'Zorah Magdaros', 1, NULL, 6);

-- --------------------------------------------------------

--
-- Structure de la table `monster_ailment`
--

CREATE TABLE `monster_ailment` (
  `ma_fk_monster_id` int(11) NOT NULL,
  `ma_fk_ailment_id` int(11) NOT NULL
) ENGINE=InnoDB DEFAULT CHARSET=utf8mb4;

--
-- Déchargement des données de la table `monster_ailment`
--

INSERT INTO `monster_ailment` (`ma_fk_monster_id`, `ma_fk_ailment_id`) VALUES
(1, 27),
(1, 28),
(2, 8),
(3, 12),
(4, 8),
(4, 29),
(5, 12),
(5, 9),
(5, 8),
(6, 12),
(7, 12),
(7, 9),
(7, 15),
(7, 23),
(7, 27),
(7, 28),
(8, 28),
(8, 17),
(9, 8),
(9, 19),
(10, 28),
(11, 3),
(12, 12),
(17, 5),
(17, 28),
(18, 12),
(18, 25),
(18, 20),
(19, 12),
(19, 20),
(20, 27),
(20, 19),
(23, 12),
(24, 27),
(24, 19),
(24, 25),
(25, 12),
(25, 25),
(25, 20),
(26, 21),
(27, 19),
(27, 27),
(29, 15),
(29, 23),
(30, 8),
(31, 17),
(31, 28),
(32, 12),
(32, 21),
(32, 20),
(32, 18),
(33, 12),
(34, 12),
(34, 27),
(34, 3),
(34, 8),
(35, 15),
(36, 11),
(37, 20),
(37, 25),
(37, 19),
(38, 25),
(39, 12),
(39, 21),
(40, 10),
(41, 15),
(41, 23),
(42, 15),
(42, 23),
(44, 12),
(45, 19),
(45, 8),
(46, 21),
(46, 19),
(46, 20),
(47, 27),
(47, 19),
(49, 22),
(49, 1),
(49, 2),
(53, 28),
(53, 9),
(54, 20),
(55, 19),
(55, 28),
(56, 19),
(56, 28),
(57, 20),
(58, 13),
(59, 24),
(60, 12),
(60, 21),
(60, 24),
(60, 20),
(60, 19),
(61, 28),
(63, 12),
(63, 1),
(64, 27),
(64, 25),
(64, 21),
(65, 9),
(66, 12),
(66, 21),
(66, 25),
(68, 28),
(69, 19),
(70, 20),
(70, 7),
(70, 12),
(71, 28),
(72, 19),
(73, 24),
(73, 25),
(73, 28),
(74, 8),
(74, 9),
(76, 12),
(77, 1),
(78, 12),
(78, 18),
(79, 12),
(79, 20),
(79, 7),
(80, 11),
(80, 25),
(81, 25),
(82, 9),
(82, 3),
(83, 15),
(83, 23),
(84, 12),
(84, 21),
(84, 24),
(84, 20),
(84, 19),
(86, 12),
(86, 9),
(89, 15),
(90, 27),
(91, 27),
(92, 20),
(92, 19),
(92, 21),
(94, 15),
(94, 23),
(97, 19),
(98, 19),
(99, 23),
(99, 15),
(100, 15),
(100, 23),
(101, 20),
(102, 20),
(102, 7),
(103, 19),
(104, 15),
(104, 28),
(105, 12),
(106, 19),
(106, 25),
(107, 12),
(107, 26),
(108, 12),
(108, 20),
(108, 18),
(109, 28),
(110, 13),
(111, 15),
(112, 12),
(112, 21),
(113, 21),
(115, 19),
(120, 19),
(121, 20),
(122, 25),
(123, 21),
(123, 28),
(125, 15),
(125, 28),
(126, 20),
(126, 25),
(128, 12),
(128, 1),
(131, 20),
(132, 20),
(133, 27),
(133, 28),
(135, 23),
(135, 15),
(140, 28),
(140, 17),
(141, 28),
(144, 27),
(144, 19),
(144, 25),
(145, 27),
(145, 19),
(147, 25),
(148, 12),
(149, 23),
(149, 15),
(149, 9),
(150, 27),
(150, 28),
(151, 15),
(154, 12),
(155, 15),
(156, 3),
(157, 28),
(158, 12),
(160, 14),
(161, 12),
(161, 19),
(162, 21),
(162, 6),
(165, 5),
(165, 28),
(166, 1),
(170, 19),
(170, 25),
(171, 16),
(171, 4),
(171, 12),
(171, 1),
(171, 9),
(171, 27),
(171, 19),
(172, 28),
(172, 27),
(173, 3),
(174, 27),
(176, 20),
(176, 7),
(176, 21),
(176, 29),
(177, 28),
(178, 21),
(178, 6),
(179, 21),
(181, 3),
(183, 15),
(183, 23),
(185, 12),
(185, 20),
(185, 18),
(186, 28),
(186, 21),
(187, 28),
(189, 20),
(189, 25),
(190, 20),
(190, 7),
(190, 25),
(191, 20),
(191, 18),
(192, 12),
(192, 8),
(192, 21),
(194, 21),
(195, 1),
(195, 2),
(196, 27),
(197, 12),
(197, 29),
(199, 12),
(199, 25),
(199, 20),
(200, 12),
(200, 20),
(201, 27),
(201, 19),
(202, 25),
(203, 20),
(205, 28),
(206, 12),
(206, 20),
(206, 7),
(206, 21),
(206, 25),
(207, 3),
(208, 17),
(209, 15),
(210, 28),
(210, 3),
(210, 8),
(211, 12),
(213, 8),
(213, 9),
(214, 12),
(214, 20),
(215, 12),
(216, 8),
(216, 11),
(217, 28),
(217, 24),
(217, 25),
(218, 3),
(219, 13),
(220, 19),
(221, 21),
(221, 20),
(223, 12),
(224, 28),
(224, 3),
(225, 15),
(226, 19),
(226, 20),
(226, 18),
(226, 29),
(227, 12),
(227, 25),
(227, 20),
(228, 3),
(230, 15),
(230, 23),
(230, 25),
(231, 21),
(231, 25),
(231, 1),
(231, 28),
(232, 28),
(232, 5),
(232, 12),
(233, 12),
(233, 24),
(234, 28),
(235, 9),
(236, 12),
(236, 1),
(236, 25),
(237, 28),
(238, 11),
(239, 27),
(240, 27),
(240, 25),
(241, 28),
(241, 19),
(242, 28),
(242, 19),
(244, 27),
(245, 25),
(246, 15),
(246, 23),
(247, 12),
(247, 21),
(248, 12),
(249, 10),
(250, 9),
(251, 15),
(255, 19),
(256, 20),
(256, 7),
(256, 19),
(257, 19),
(257, 24),
(258, 27),
(258, 9),
(260, 9),
(261, 20),
(263, 12),
(263, 9),
(264, 12),
(264, 20),
(265, 12),
(266, 15),
(267, 28),
(267, 15),
(267, 23),
(268, 27),
(269, 12),
(269, 25);

-- --------------------------------------------------------

--
-- Structure de la table `monster_element`
--

CREATE TABLE `monster_element` (
  `me_fk_monster_id` int(11) NOT NULL,
  `me_fk_element_id` int(11) NOT NULL
) ENGINE=InnoDB DEFAULT CHARSET=utf8mb4;

--
-- Déchargement des données de la table `monster_element`
--

INSERT INTO `monster_element` (`me_fk_monster_id`, `me_fk_element_id`) VALUES
(1, 5),
(3, 2),
(5, 1),
(5, 2),
(6, 2),
(7, 1),
(7, 2),
(7, 3),
(7, 5),
(7, 6),
(8, 6),
(10, 6),
(12, 2),
(17, 6),
(18, 2),
(19, 2),
(20, 5),
(23, 2),
(24, 5),
(25, 2),
(27, 5),
(29, 3),
(32, 2),
(33, 2),
(34, 2),
(34, 5),
(35, 3),
(39, 2),
(41, 3),
(42, 3),
(44, 2),
(47, 5),
(49, 2),
(53, 1),
(53, 6),
(55, 6),
(56, 6),
(57, 1),
(60, 2),
(61, 6),
(63, 1),
(63, 2),
(64, 5),
(65, 1),
(66, 2),
(68, 6),
(70, 2),
(71, 6),
(73, 6),
(74, 1),
(76, 2),
(78, 2),
(79, 2),
(82, 1),
(83, 3),
(84, 2),
(85, 6),
(86, 1),
(86, 2),
(89, 3),
(90, 5),
(91, 5),
(94, 3),
(99, 3),
(100, 3),
(104, 3),
(104, 6),
(105, 2),
(106, 6),
(107, 2),
(108, 2),
(109, 6),
(111, 3),
(112, 2),
(114, 1),
(120, 5),
(123, 6),
(128, 2),
(133, 5),
(133, 6),
(135, 3),
(140, 6),
(141, 6),
(144, 5),
(145, 5),
(148, 2),
(149, 1),
(149, 3),
(150, 5),
(150, 6),
(151, 3),
(154, 2),
(155, 3),
(157, 6),
(158, 1),
(158, 2),
(161, 1),
(161, 2),
(161, 3),
(161, 5),
(165, 6),
(171, 1),
(172, 5),
(172, 6),
(174, 5),
(183, 3),
(185, 2),
(186, 6),
(187, 6),
(192, 2),
(196, 5),
(197, 2),
(199, 2),
(200, 2),
(201, 5),
(205, 6),
(206, 2),
(209, 1),
(210, 6),
(211, 2),
(213, 1),
(214, 2),
(215, 2),
(217, 6),
(223, 2),
(224, 6),
(225, 3),
(227, 2),
(230, 3),
(232, 2),
(232, 6),
(233, 2),
(234, 6),
(235, 1),
(236, 1),
(236, 2),
(237, 6),
(239, 5),
(240, 5),
(241, 6),
(242, 6),
(244, 5),
(246, 3),
(247, 2),
(248, 2),
(250, 1),
(251, 3),
(258, 1),
(258, 5),
(260, 1),
(263, 1),
(263, 2),
(264, 2),
(265, 2),
(266, 3),
(267, 3),
(267, 6),
(268, 5),
(269, 2);

-- --------------------------------------------------------

--
-- Structure de la table `monster_game`
--

CREATE TABLE `monster_game` (
  `mg_fk_monster_id` int(11) NOT NULL,
  `mg_fk_game_id` int(11) NOT NULL,
  `mg_monster_icon` varchar(255) DEFAULT NULL,
  `mg_monster_description` varchar(1020) DEFAULT NULL
) ENGINE=InnoDB DEFAULT CHARSET=utf8mb4;

--
-- Déchargement des données de la table `monster_game`
--

INSERT INTO `monster_game` (`mg_fk_monster_id`, `mg_fk_game_id`, `mg_monster_icon`, `mg_monster_description`) VALUES
(1, 1, NULL, 'A rare species of Lagiacrus known only from an ancient scroll: From the abyss\' darkest cave Comes the master of the wave Consumer of the world entire Devil of the sea most dire Fear it as you fear the grave.'),
(2, 4, NULL, 'A subspecies of Glavenus found in the Rotten Vale. A corrosive fluid has crystallized on its tail, spraying acid with each swing.'),
(3, 1, NULL, 'Also known as fire-pike wyverns, Agnaktor use their tough beaks and great strength to burrow through rock. However, their hardened-lava armor becomes soft when they burrow underground or are attacked with fire or explosives'),
(3, 3, NULL, 'Also known as fire-pike wyverns, Agnaktor use their tough beaks and great strength to burrow effortlessy through rock, and can even burrow into ceilings. Their hardened-lava armor becomes even harder when cooled forming an almost impenetrable armor.'),
(3, 6, NULL, 'Agnaktor use their tough beaks and powerful muscles to burrow into rock, moving freely through the earth.'),
(3, 7, NULL, NULL),
(4, 3, NULL, 'The golden empress of praying mantises resides in a huge, ruined castle. She flattens towns and fortresses, and uses the wreckage to build her lair ever larger. It\'s rumored that the Empress\'s Throne, as it is known, is strewn with golden cocoons and webbing, which contain stolen treasures.'),
(5, 2, NULL, 'A wyvern shrouded in mystery and known by many names -- \"the black god\" to some, \"the tyrant of fire\" to others, but usually called \"Akantor\" by the Guild. Its giant spines and tusks make for a fearsome sight in the volcanic areas it frequents.'),
(5, 3, NULL, 'A wyvern shrouded in mystery and known by many names -- \"the black god\" to some, \"the tyrant of fire\" to others, but usually called \"Akantor\" by the Guild. Its giant spines and tusks make for a fearsome sight in the volcanic areas it frequents.'),
(6, 5, NULL, 'When this huge Bird Wyvern stands on one leg, its peculiar collar gives it the appearance of a monstrous parasol. It is fiercely territorial, and whenever it finds intruders, it spreads its wings and unfolds the eye-like crest on its head to terrifying effect.'),
(7, 1, NULL, 'Blazing black dragons, so named for resembling both lightning and darkness. They mercilessly tear apart whoever touches their sharp scales. Elementally unstable, their actions can affect the very weather. Living natural disasters.'),
(7, 3, NULL, 'Blazing black dragons, so named for resembling both lightning and darkness. They mercilessly tear apart whoever touches their sharp scales. Elementally unstable, their actions can affect the very weather. Living natural disasters.'),
(7, 4, NULL, 'Known as a symbol of destruction, people fear even uttering its name. It\'s rumored to control all of the elements, but most, if not all, records of its existence have been burned.'),
(8, 5, NULL, 'As its name implies, Almudron spends a great deal of time lurking in mud - at least until it emerges to smother approaching prey. From its tail oozes a strange golden fluid, which Almudron uses to dissolve the ground beneath its prey, arresting them in a mire so that it can drag them under. When enraged, it produces more fluid, turning the mud golden. When you see gold, watch out!'),
(9, 1, NULL, 'Insects that wildly inhabit many areas. Noted for absorbing fruit, mushrooms, and honey, then carrying them back to the nest. Materials can thus be collected from their swollen abdomens, whose color is related to what is being carried.'),
(9, 2, NULL, 'Insects that wildly inhabit many areas. Noted for absorbing fruit, mushrooms, and honey, then carrying them back to the nest. Materials can thus be collected from their swollen abdomens, whose color is related to what is being carried.'),
(9, 3, NULL, 'Insects that widely inhabit many areas. They absorb fruit, mushrooms, and honey, and then carry them back to their nest. Materials can thus be collected from their swollen abdomens, whose color is related to what they\'re carrying.'),
(9, 6, NULL, 'Neopterons found in many habitats. They forage for fruit, mushrooms, and honey to take back to their nests'),
(9, 5, NULL, 'Insects that widely inhabit many areas. They absorb fruit, mushrooms, and honey, and then carry them back to their nest. Materials can thus be collected from their swollen abdomens, whose color is related to what they\'re carrying.'),
(9, 7, NULL, NULL),
(10, 3, NULL, 'A legendary elder dragon spotted on Sacred Pinnacle. An avatar of storms in the folklore of Yukumo Village, Amatsu\'s appearance is accompanied by furious cyclones and horrific storms. Its fearsome power is said to outscale that of natural disasters.'),
(11, 4, NULL, 'An old Leshen that arrived through a portal to assume control over the Ancient Forest. Sometimes revered as an indigenous deity.'),
(12, 4, NULL, 'The Anjanath patrols the Ancient Forest looking for its favorite meal, Aptonoth. This belligerent monster will attack anything without the slightest provocation.'),
(12, 5, NULL, 'This belligerent monster will attack anything without the hesitation. The membrane along its tail fans out when its provoked - a behavior theorized to be either an act of intimiation or thermoregulation, as it has been known to do so when it breathes fire.'),
(12, 7, NULL, NULL),
(13, 1, NULL, 'Herbivores that live in cold climates. Generally docile, though they have been known to attack when threatened. Their high-quality pelts have many uses, and their antlers are highly prized by the guild. Simply stun the creatures to easily harvest one.'),
(13, 3, NULL, 'Herbivores that live in cold climates. Generally docile, though they have been known to attack when threatened. Their high-quality pelts have many uses, and their antlers are highly prized by the guild. Simply stun the creatures to easily harvest one.'),
(13, 5, NULL, 'Herbivores of the tundra that are slightly more aggressive than Kelbi, using their horns to fend off any attacker.'),
(14, 2, NULL, 'Desert-dwelling Herbivores covered in tough plating. Highly territorial and known to tirelessly chase any who enter their habitat, they are especially hostile toward hunters, who have made a practice of stealing eggs from their nests.'),
(14, 3, NULL, 'Desert-dwelling Herbivores covered in tough plating. Highly territorial and known to tirelessly chase any who enter their habitat, they are especially hostile toward hunters, who have made a practice of stealing eggs from their nests.'),
(14, 4, NULL, 'Herbivores that inhabits the Wildspire Waste. They\'ve developed particularly hard hide to ward off attackers, and are known to gather in groups to defend themselves.'),
(14, 6, NULL, 'Herbivores clad in sturdy, armor-like plates. Approach with caution to avoid a fierce and persistent chase.'),
(14, 7, NULL, 'Hеrbivorеs clad in sturdy, armor-likе platеs. Approach with caution to avoid a fiеrcе and pеrsistеnt chasе.'),
(15, 5, NULL, 'An Arzuros so mighty, it was crowned an Apex. It is eternally possessed by wrath and terror, possibly due to the myriad wounds that cover its body. Its forelegs are massive, deft removers of any who\'d stand in their way. The call of an Apex unleashes its tortured anger on nearby beasts, driving them into a frenzy.'),
(16, 5, NULL, 'A Diablos so mighty, it was crowned an Apex. It is eternally possessed by wrath and terror, possibly due to the myriad wounds that cover its body. Its supremely developed horns add to the lethality of its charge. The call of an Apex unleashes its tortured anger on nearby beasts, driving them into a frenzy.'),
(17, 5, NULL, 'A Mizutsune so mighty, it was crowned an Apex. It is eternally possessed by wrath and terror, possibly due to the myriad wounds that cover its body. Its bubbles and huge tail have no trouble sending foes packing. The call of an Apex unleashes its tortured anger on nearby beasts, driving them into a frenzy.'),
(18, 5, NULL, 'A Rathalos so mighty, it was crowned an Apex. It is eternally possessed by wrath and terror, possibly due to the myriad wounds that cover its body. Its every breath releases flaming jets that singe the very air. The call of an Apex unleashes its tortured anger on nearby beasts, driving them into a frenzy.'),
(19, 5, NULL, 'A Rathian so mighty, it was crowned an Apex. It is eternally possessed by wrath and terror, possibly due to the myriad wounds that cover its body. Its tail oozes a venom far deadlier than any of a normal monster. The call of an Apex unleashes its tortured anger on nearby beasts, driving them into a frenzy.'),
(20, 5, NULL, 'A Zinogre so mighty, it was crowned an Apex. Its body is covered in scars and wounds as if it had been caught in a storm, and it\'s seemingly always dominated by wrath and terror. Its forelegs - and their every strike - brim with ferocious sparks. The call of an Apex unleashes its tortured anger on nearby beasts, driving them into a frenzy.'),
(21, 1, NULL, 'Relatively docile herbivores with characteristic crest plates. They form herds and raise young communally, and have been used as pack animals for generations; their meat is tasty and nutritious. Very cautious around large monsters.'),
(21, 2, NULL, 'Relatively docile herbivores with characteristic crest plates. They form herds and raise young communally, and have been used as pack animals for generations. Their meat is tasty and nutritious, and they\'re very cautious around large monsters.'),
(21, 3, NULL, 'Relatively docile herbivores with characteristic crest plates. They form herds and raise young communally, and have been used as pack animals for generations. Their meat is tasty and nutritious, and they\'re very cautious around large monsters.'),
(21, 4, NULL, 'Docile herbivores that graze in packs. Their meat is considered a delicacy and is rich in nutrients. If one member of the herd is attacked, the rest will flee immediately.'),
(21, 6, NULL, 'Placid, crested herbivorous monsters. They form herds and raise their young as a community.'),
(21, 7, NULL, 'Placid, crested herbivorous monsters. They form herds and raise their young as a community, and become defensive when larger monsters approach. Deep-seated in Rider culture for their nutritious meat and use as pack animals.'),
(22, 1, NULL, 'Forest-and mountain-dwelling beasts found in humid regions. Though known more for fishing and standing upright to collect honey, their thick claws and heavy forearm plating allow them to deliver powerful blows to any aggressor.'),
(22, 3, NULL, 'Beasts known to dwell in humid forest and mountain regions. Though known more for fishing and standing upright to collect honey, their thick claws and heavy forearm plating allow them to deliver powerful blows to any aggressor.'),
(22, 6, NULL, 'Bear-like monsters found in warm, damp environments. Can often be found catching fish from rivers.'),
(22, 5, NULL, 'Beasts known to dwell in humid forest and mountain regions. Though known more for fishing and standing upright to collect honey, their thick claws and heavy forearm plating allow them to deliver powerful blows to any aggressor.'),
(22, 7, NULL, 'Bеar-likе monstеrs found in warm, damp еnvironmеnts. Can oftеn bе found catching fish from rivеrs.'),
(23, 2, NULL, 'As with standard Kecha Wacha, these arboreal fanged beasts shield their face with their tough ears when provoked. What makes them different, however, is their ability to spit fireballs, and, of course, their trademark pale fur.'),
(23, 6, NULL, 'This subspecies has pale, multicolored fur. They make sport of their prey with the cunning of their attacks.'),
(23, 7, NULL, 'This subspеciеs has palе, multicolorеd fur. Thеy makе sport of thеir prеy with thе cunning of thеir attacks.'),
(24, 3, NULL, 'Known as the \"Thunder Wyvern,\" Astalos can charge itself with electricity from the furious movements of its wings, tail and crest. In its charged state, the membrane in its wings take on a beautiful glow that only barely offsets the terrible nature of this monster.'),
(24, 7, NULL, NULL),
(25, 1, NULL, 'An azure-colored subspecies of Rathalos. More mobile than their standard cousin, they locate prey from the air and quickly swoop in for the kill. Once these master hunters select a target, there is little hope of escape.'),
(25, 2, NULL, 'An azure-colored subspecies of Rathalos. More mobile than their standard cousin, they locate prey from the air and quickly swoop in for the kill. Once these master hunters select a target, there is little hope of escape.'),
(25, 4, NULL, 'An azure-colored subspecies of Rathalos. More mobile than their standard cousins, they locate prey from the air and quickly swoop in for the kill.'),
(25, 6, NULL, 'A Rathalos subspecies. More mobile than its cousin, it attacks with a matchless speed and ferocity.'),
(25, 7, NULL, 'A Rathalos subspеciеs. Morе mobilе than its cousin, it attacks with matchlеss spееd and fеrocity.'),
(26, 1, NULL, 'Highly intelligent, carnivorous Bird Wyverns that hunt in packs. Noted for their blue scales and sharp glare. Baggi are feared for their ability to release a tranquillising fluid; it can knock out even humans for several seconds.'),
(26, 6, NULL, 'Intelligent Bird Wyverns that hunt in packs, and use special bodily fluids to tranquilize their prey.'),
(26, 5, NULL, 'Highly intelligent, carnivorous bird wyverns that hunt in packs. Noted for their blue scales and sharp glare. Baggi are feared for their ability to release a tranquilizing fluid; even a grown man can be put to sleep in seconds.'),
(26, 7, NULL, NULL),
(27, 1, NULL, 'A subspecies of Gigginox that uses electricity to stun prey. It is believed to be a random mutation, and as such, sightings are relatively rare. It may be possible to weaken its electrical powers by destroying the capacitor organs on its body.'),
(28, 4, NULL, 'A monster marked by its furious charge and by the majestic twin horns that uproot trees and gouge at the earth as it runs.'),
(29, 1, NULL, 'Wyverns that rule the eternally frozen Tundra. Barioth use their huge tusks and spiked scales to move freely atop the slippery ice; this ability makes them very difficult to keep up with.'),
(29, 3, NULL, 'Wyverns that rule the eternally frozen Tundra. Barioth use their huge tusks and spiked scales to move freely atop the slippery ice; this ability makes them very difficult to keep up with.'),
(29, 4, NULL, 'The snow-white flying wyvern with huge tusks found in the frozen tundra. It uses its forelegs and tail to traverse ice with ease.'),
(29, 6, NULL, 'Flying Wyverns that rule the frozen wastes. Spikily scaled wings and tail allow them to run effortlessly across ice.'),
(29, 5, NULL, 'Wyverns that rule the eternally frozen Tundra. Barioth use their forelegs, tail and their spiked scales to traverse the slippery ice with ease; this makes them very difficult to keep up with.'),
(29, 7, NULL, 'Flying Wyvеrns that rulе thе frozеn wastеs. Spikily scalеd wings and tail allow thеm to run еffortlеssly across icе.'),
(30, 4, NULL, 'Fervid wingdrakes that have flourished under harsh living conditions. They target intruders with a unique acidic agent, and then attack as a swarm.'),
(31, 1, NULL, 'Barroth usually remain beneath the mud, perhaps to shield themselves from heat; they are even known to attack by flinging mud. They will charge in a frenzy at anything that disturbs their bogs.'),
(31, 3, NULL, 'Barroth usually remain beneath the mud, perhaps to shield themselves from heat; they are even known to attack by flinging mud. They will charge in a frenzy at anything that disturbs their bogs.'),
(31, 4, NULL, 'Barroth seek out ants, their favorite snack, and mark their territory with mud. They attack potential rivals with their devastating charging attack.'),
(31, 6, NULL, 'Barroth bury themselves in mud, but will not hesitate to attack those who disturb them in their bogs.'),
(31, 5, NULL, 'Barroth usually remain beneath the mud, perhaps to shield themselves from heat; they are even known to attack by flinging mud. They will charge in a frenzy at anything that disturbs their bogs.'),
(31, 7, NULL, 'Barroth bury thеmsеlvеs in mud, but will not hеsitatе to attack thosе who disturb thеm in thеir bogs.'),
(32, 2, NULL, 'These juvenile Gravios are famous for their rock-hard carapaces. They often borrow underground, mimicking rocks and savaging oblivious miners. They are known to emit poison gases and are especially weak against bombs.'),
(32, 3, NULL, 'These juvenile Gravios are famous for their rock-hard carapaces. They often borrow underground, mimicking rocks and savaging oblivious miners. They are known to emit poison gases and are especially weak against bombs.'),
(32, 6, NULL, 'Juvenile form of a Gravios. Its most distinctive feature is the rock-hard carapace on its back.'),
(32, 5, NULL, 'These juvenile Gravios are famous for their rock-hard carapaces. They often borrow underground, mimicking rocks and savaging oblivious miners. Because their carapaces are tougher than that of a full-grown Gravios, they\'ll attack a threat by charging at it. They are also known to emit a poisonous gas.'),
(32, 7, NULL, 'Juvеnilе form of a Gravios. Its most distinctivе fеaturе is thе rock-hard carapacе on its back.'),
(33, 4, NULL, 'A nefarious flying wyvern that travels the New World in search of prey. It scatters explosive scales over a wide area to prey on whatever gets caught in the blast.'),
(33, 5, NULL, 'A nefarious flying wyvern that travels the world in search of prey. It scatters its own explosive scales over a wide area to prey on whatever gets caught in the blast. In some places, this has earned it the nickname \"Bomber Wyvern.\"'),
(33, 7, NULL, NULL),
(34, 4, NULL, 'A powerful beast from another world. Its large horns and muscular frame defy nature. Unique strategies are required to battle it.'),
(35, 4, NULL, 'This piscine monster’s wedge-shaped head allows it to freely swim through the tundra snow. Frequently seen flinging snow at prey.'),
(36, 2, NULL, 'An amphibious monster known for its distinctive markings resembling a painted face. These beasts dig up and hurl boulders in the same way as a standard Tetsucabra does, but the stones thrown by this Berserk variety explode upon impact.'),
(37, 5, NULL, 'A monster with a distinctive tail. While it is omnivorous, it has a preference for fruit, and keeps various fruits with all kinds of effects in its belly pouch. An incredibly curious beast, it enjoys playing tricks on people, and has been seen to bat fruit at its prey using its tail.'),
(38, 1, NULL, 'These black-shelled Diablos are treated as a subspecies, but are actually just normal female Diablos in heat. The color change is a warning to other creatures, as they tend to become extremely aggressive during mating season.'),
(38, 2, NULL, 'These black-shelled Diablos are treated as a subspecies, but are actually just female Diablos in heat. The color change is a signal to other creatures, as they tend to become extremely aggressive during mating season.'),
(38, 4, NULL, 'These black-shelled Diablos are actually female Diablos in heat. The color signals their aggressiveness and heightened hostility to other creatures in their habitat.'),
(38, 6, NULL, 'A formidable subspecies of Diablos. Females darken in the mating season so as to warn off other creatures.'),
(38, 7, NULL, 'A formidablе subspеciеs of Diablos. Fеmalеs darkеn in thе mating sеason so as to warn off othеr crеaturеs.'),
(39, 2, NULL, 'A Gravios subspecies distinguished by a hard black carapace that allows them to contain their own extraordinarily high internal temperatures. They sometimes discharge this thermal energy as an extremely powerful heat ray.'),
(39, 6, NULL, 'This subspecies has a tough, black carapace. It is capable of discharging powerful blasts of heat.'),
(39, 7, NULL, 'This subspеciеs has a tough, black carapacе. It is capablе of discharging powеrful blasts of hеat.'),
(40, 4, NULL, 'A Vaal Hazak variant encrusted with spores that spew a torrent of toxic effluvium at any who draw close.'),
(41, 3, NULL, 'A Pelagus covered in entirely in white fur. Known to move in packs and led by a Blangonga. The Blangonga exerts tight control over the group, and any call to gather will be met immediately by the rank and file Blangos.'),
(42, 3, NULL, 'Leader of a Blango pack, it is twice as large and recognized by its giant fangs and whiskers. It sends its pack to attack any trespassers. Its jumping power allows it great mobility in its home range of the Arctic Ridge.'),
(43, 3, NULL, 'A desert legend tells of the brave armies sent out against the unimaginable cruelties that had besieged their cities and nations. None of them returned alive, and only the sands remained as witnesses of their efforts. This story has no hero or happy ending, only the wyvern known as \"Bloodbath\". Requires special permission to hunt.'),
(43, 7, NULL, NULL),
(44, 2, NULL, 'A Yian Kut-Ku variant protected by a blue carapace. They share the same weakness to loud noises that ordinary Yian Kut-Ku have, but when angered, they display significantly greater physical strength.'),
(44, 6, NULL, 'A Yian Kut-Ku subspecies. Their blue coloration and physical prowess set them apart from their pink kin.'),
(44, 7, NULL, 'A subspecies of Yian Kut-Ku. Their blue coloration and physical prowess set them apart from their pink kin. Unlike their cowardly cousins, they become increasingly dangerous when angered, and should not be underestimated.'),
(45, 1, NULL, 'Flying insects that inhabit most environments. They attack invaders with a paralyzing venom, and lay eggs in carrion together with a bodily fluid that hastens decomposition. As their bodies are easily destroyed, poison is ideal for harvesting their parts.'),
(45, 2, NULL, 'Pervasive flying insects that attack invaders with paralyzing venom and lay eggs in carrion along with a fluid that hastens decomposition. It is best to kill them with poison so that their parts are left ripe for the carving.'),
(45, 3, NULL, 'Pervasive flying insects that attack invaders with paralyzing venom and lay eggs in carrion along with a fluid that hastens decomposition. It is best to kill them with poison so that their parts are left ripe for the carving.'),
(45, 6, NULL, 'Versatile Neopterons whose coloration and abilities differ according to habitat. This one is a hardy green/ a sturdy brown/ a lively red/ a deep blue.'),
(45, 5, NULL, 'Pervasive flying insects that attack invaders with paralyzing venom and lay eggs in carrion along with a fluid that hastens decomposition. It is best to kill them with poison so that their parts are left ripe for the carving.'),
(45, 7, NULL, NULL),
(46, 4, NULL, NULL),
(47, 3, NULL, 'Whoever gets caught in the lightning shot by the unique Boltreaver Astalos will vanish without a trace, leaving only their shadow behind. The electrical properties of its shell allow it to glide through the air and create electromagnetic charges that can be used in chasing down prey. Requires special permission to hunt.'),
(47, 7, NULL, NULL),
(48, 5, NULL, 'An omnivorous small monster with a distinct round shape. Its whole body courses with flammable gas, which it expels in defense when threatened. Once expelled, this gas has explosive properties. This trait has led to Bombadgy being used in combat by many crafty hunters throughout history.'),
(49, 1, NULL, 'Brute wyverns coated with an explosive green substance. The material is thought to be a unique myxomycete--or slime mold--that is primed to explode by the Brachydios\'s own saliva. Note that these crafty creatures can also deliver powerful foreleg strikes.'),
(49, 2, NULL, 'Brute wyverns coated with an explosive green substance, a material that is thought to be a unique slime mold that is primed to explode by an element in the monster\'s saliva. They are also capable of powerful foreleg strikes.'),
(49, 3, NULL, 'Brute wyverns coated with an explosive green substance, a material that is thought to be a unique slime mold that is primed to explode by an element in the monster\'s saliva. They are also capable of powerful foreleg strikes.'),
(49, 4, NULL, 'This marine-blue brute wyvern uses its saliva to prime the sticky slime coating its massive arms, rendering it highly explosive.'),
(49, 6, NULL, 'Brute Wyvern coated in a volatile substance. Its saliva can be used to ignite this coat, with explosive results.'),
(49, 7, NULL, 'Brutе Wyvеrn coatеd in a volatilе substancе. Its saliva can bе usеd to ignitе this coat, with еxplosivе rеsults.'),
(50, 2, NULL, 'A subspecies of Tigrex, these beasts are as brutal as they are ravenous. They prefer volcanic regions, but can be found in a range of areas. Their howls are even more piercing than standard Tigrex roars and send shockwaves far and wide.'),
(50, 3, NULL, 'Blackish brown scales and a stronger roar set this Tigrex subspecies apart. Extremely aggressive, even by Tigrex standards.'),
(50, 6, NULL, 'A black Tigrex subspecies. The force and range of its howl is even more fearsome than that of its cousins.'),
(50, 7, NULL, 'A black Tigrеx subspеciеs. Thе forcе and rangе of its howl is еvеn morе fеarsomе than that of its cousins.'),
(51, 3, NULL, 'Bulldrome are the imposing leaders of Bullfango packs, notable for their impressive tusks and large bodies. More aggressive than a Bullfango, it is known to ram into its foes, and is extremely proficient at tracking them.'),
(51, 6, NULL, 'Powerful alpha monsters that lead Bullfango herds. They mow down their prey with their sturdy tusks.'),
(51, 7, NULL, 'Powеrful alpha monstеrs that lеad Bullfango hеrds. Thеy mow down thеir prеy with thеir sturdy tusks.'),
(52, 1, NULL, 'Foul-tempered wild boars that charge toward hunters the moment they spot them. Fertile and wide-ranging, they have been known to form large herds. Their meat has an unique flavor beloved by many.'),
(52, 3, NULL, 'Foul-tempered wild boars that charge toward hunters the moment they spot them. Fertile and wide-ranging, they have been known to form large herds. Their meat has an unique flavor beloved by many.'),
(52, 6, NULL, 'Small, aggressive Fanged Beasts that attack humans on sight. An acquired taste, but the meat is in demand.'),
(52, 5, NULL, 'Large, wild boars with a foul temper. Fertile and wide-ranging, they have been known to form large herds. They are so aggressive that they will attack other members of their own herd if they don\'t recognize them. Those without a particular reason to hunt them are better off keeping their distance.'),
(52, 7, NULL, NULL),
(53, 1, NULL, 'Legendary elder dragons known as both \"shining giants of the depths\" and \"great sea dragons.\" Not confirmed to exist until recently. The Moga quakes were due to a Ceadeus butting its abnormally long horns into the earth.'),
(54, 3, NULL, 'An adolescent Carapaceon with an organic shell firmly placed on its back. Once grown, this shell will be replaced by a giant monster\'s skull. Mainly living in volcanic zones, it is very aggressive, and not to be underestimated.'),
(55, 2, NULL, 'The leaders of Cephalos herds, these individuals are set apart by their larger size and hard, black scales. Like their smaller counterparts, they have excellent hearing, making them sensitive to loud noises. Their fins also secrete a paralytic agent.'),
(55, 3, NULL, 'The leaders of Cephalos herds, these individuals are set apart by their larger size and hard, black scales. Like their smaller counterparts, they have excellent hearing, making them sensitive to loud noises. Their fins also secrete a paralytic agent.'),
(55, 6, NULL, 'Alpha monster that lead Cephalos. Hardened black scales set them apart from the smaller Cephalos.'),
(55, 7, NULL, 'Alpha monstеrs that lеad Cеphalos. Hardеnеd black scalеs sеt thеm apart from thе smallеr Cеphalos.'),
(56, 2, NULL, 'The coloration of these piscine wyverns is well-suited to the deserts they inhabit. Excellent burrowers, they swim through the sand in packs, rarely surfacing. Their ears are highly developed; any impact caused by striking the ground forces them out of hiding.'),
(56, 3, NULL, 'The coloration of these piscine wyverns is well-suited to the deserts they inhabit. Excellent burrowers, they swim through the sand in packs, rarely surfacing. Their ears are highly developed; any impact caused by striking the ground forces them out of hiding.'),
(56, 6, NULL, 'Piscine Wyverns with acute hearing. They swim freely in the desert sands that their scales so resemble.'),
(56, 7, NULL, NULL),
(57, 2, NULL, 'Precious few sightings of this elder dragon have been recorded, leading to claims it can vanish into its environment like a chameleon -- hence its name. Witnesses report attacks can come out of nowhere, but that Smoke Bombs keep the beast visible.'),
(57, 3, NULL, 'Precious few sightings of this elder dragon have been recorded, leading to claims it can vanish into its environment like a chameleon -- hence its name. Witnesses report that it can spew a fog-like breath, which seems to come out of nowhere.'),
(57, 5, NULL, 'Precious few sightings of this elder dragon have been recorded, leading to claims it can vanish into its environment like a chameleon -- hence its name. Witnesses report that, when enraged, it can spew a fog-like breath, which seems to come out of nowhere, and enhance its strength by licking the pollen from Petalaces.'),
(58, 2, NULL, NULL),
(59, 2, NULL, 'Ape-like fanged beasts with pink fur. Conga prefer to live in smalls groups as oppposed to large packs and primarily inhabit warm, humid environments.'),
(59, 3, NULL, 'Ape-like fanged beasts with pink fur. Conga prefer to live in smalls groups as oppposed to large packs and primarily inhabit warm, humid environments.'),
(59, 6, NULL, 'Pink furred Fanged Beasts. They prefer to live in small, close-knit groups than large troops.'),
(59, 7, NULL, NULL),
(60, 2, NULL, 'A large fanged beast with pink fur, often found in warm, damp regions. Fond of mushrooms, Congalalas possess either poisonous or flaming breath, depending on the food available in their local habitat.'),
(60, 3, NULL, 'A large fanged beast with pink fur, often found in warm, damp regions. Fond of mushrooms, Congalalas possess either poisonous or flaming breath, depending on the food available in their local habitat.'),
(60, 6, NULL, 'Pink-furred Fanged Beasts. They let rip with almighty farts, the stench of which overwhelms opponents.'),
(60, 7, NULL, 'Pink-furrеd Fangеd Bеasts. Thеy lеt rip with almighty farts, thе stеnch of which ovеrwhеlms opponеnts.'),
(61, 4, NULL, 'A bird wyvern that stockpiles water inside its body, fortified by the plant life it consumes. When threatened, it can expel a powerful stream from its mouth or tail.'),
(62, 4, NULL, 'A wingdrake from the Hinterlands. Usually not aggressive, but will attack hunters in a bind. Its breath lowers elemental resistance.'),
(63, 2, NULL, NULL),
(63, 3, NULL, NULL),
(64, 1, NULL, 'A subspecies of Qurupeco with vivid crimson plumage and the same aptitude for mimicry and dance. Flints in their wings allow them to generate electricity, which can be discharged as either shocking jolts or intense flashes of light.'),
(64, 6, NULL, 'Subspecies with vibrant red plumage. Flints in its wings allow it to release fearsome electrical attacks.'),
(64, 7, NULL, 'Subspеciеs with vibrant rеd plumagе. Flints in its wings allow it to rеlеasе fеarsomе еlеctrical attacks.'),
(65, 5, NULL, 'A mutant Valstrax fearsomely dubbed the \"Crimson Glow\". This elder dragon typically secludes itself in the upper atmosphere, but it has been driven mad by its own rampant energy, causing to lash out at anything in its sight. Once it sights its prey, it swoops down, trampling them beneath its shifting wingblades. Several have been sighted all over, so be prepared to encounter one at any time.'),
(66, 3, NULL, 'A living treasure trove of precious jewels, famous in the lore of miners and said to bring good fortune should you manage to even lay your eyes upon it. Some have tried to slay the \"Crystalbeard\" for its treasure, only to be crushed by its glittering fury. Requires special permission to hunt.'),
(67, 2, NULL, 'Colossal elder dragons that swim through the Great Desert, smashing obstacles with their spiral horns. Their unique color comes from the thick layer of oxidized metals and other rare minerals that lodge in their hides over their long lives.'),
(68, 2, NULL, 'This large Carapaceon attacks prey primarily with its large pincers and bubble breath. If the massive monster skull it wears on its back is destroyed, it will flee in search of a new husk to call home.'),
(68, 3, NULL, 'This large Carapaceon wears a massive monster skull on its back, and uses its large pincers and bubble breath to attack prey. When in danger, it uses its hardened pincers to form a tough shield that repels attacks.'),
(68, 6, NULL, 'These armored Carapaceons use their hardened pincers like shields to fend off the attacks of their enemies.'),
(68, 7, NULL, NULL),
(69, 2, NULL, 'A huge elder dragon, massive beyond human comprehension. The only mention of its existence is found in fairy tales, which claim it can warp the very surface of the world and level mountains with a single twitch.'),
(70, 3, NULL, 'The \"Deadeye\" is a battle-scarred veteran of countless duels to the death. Its one-eyed gaze burns with the fervor of a thousand victorious fights. A famous hunter once said: \"That\'s the only feller with a better HR than me!\" Requires special permission to hunt.'),
(71, 1, NULL, 'Carnivorous desert monsters that often travel in schools of four or five. When near large monsters on the hunt, they will attempt to surround the prey and scavenge feed. Their aural sensitivity makes them weak against Sonic Bombs.'),
(71, 2, NULL, 'Carnivorous desert monsters that travel in schools of four or five. Delex often follow large predators in the hope of scavenging leftovers, and have even been known to hitch rides on hunting sandskiffs. They are extremely sensitive to sound.'),
(71, 5, NULL, 'Carnivorous desert monsters that travel in schools of four or five. Delex often follow large predators in the hope of scavenging leftovers. They are extremely sensitive to sound.'),
(72, 2, NULL, 'A mid-sized Neopteron whose forked horns and broad foreleg- attack range set it apart from its more common cousins. Desert Seltas have also been known to burrow freely through the ground.'),
(73, 2, NULL, 'A large Neopteron known to use the pincers at the tip of its long tail to grasp male Seltas -- or anything it considers a threat. Once it has a male in its grasp, this Desert subspecies may even violently throw its mate at enemies.'),
(73, 7, NULL, NULL),
(74, 1, NULL, 'The dreaded, nomadic Deviljho have no specific territory of their own. Their muscles swell if provoked, revealing old wounds. Needing to feed constantly due to high body heat, they can hunt nearby animals to extinction.'),
(74, 2, NULL, 'The dreaded, nomadic Deviljho have no specific territory of their own. Their muscles swell if provoked, revealing old wounds. Needing to feed constantly due to high body heat, they can hunt nearby animals to extinction.'),
(74, 3, NULL, 'The dreaded, nomadic Deviljho have no specific territory of their own. Their muscles swell if provoked, revealing old wounds. Needing to feed constantly due to high body heat, they can hunt nearby animals to extinction.'),
(74, 4, NULL, 'Due to its enhanced metabolism, Deviljho must constantly seek out prey. It is extremely violent, and known to snatch up large monsters in its powerful maw and flail them around.'),
(74, 6, NULL, 'Brute Wyverns that roam in search of food. Ferocious in the extreme, and relentless in pursuit of prey.'),
(74, 7, NULL, 'Brutе Wyvеrns that roam in sеarch of food. Fеrocious in thе еxtrеmе, and rеlеntlеss in pursuit of prеy.'),
(75, 1, NULL, 'Wyverns feared as desert tyrants. Extremely territorial, Diablos attack invaders with blind aggression. Highly sensitive to sound, perhaps because they frequently travel beneath the sand. Known to feed on cacti.'),
(75, 2, NULL, 'A desert wyvern that takes its name from the giant horns that crown its head. Like the Monoblos, the Diablos charges its prey or strikes from underground, moving more quickly once it is angered. Their sensitive ears make them susceptible to Sonic Bombs.'),
(75, 3, NULL, 'A desert wyvern that takes its name from the giant horns that crown its head. Like the Monoblos, the Diablos charges its prey or strikes from underground, moving more quickly once it is angered. Their sensitive ears make them susceptible to Sonic Bombs.'),
(75, 4, NULL, 'The apex monster of the Wildspire Waste. A menacing, territorial beast that lurks underground. Loud noises will cause it to lunge out from the sand in search of prey.'),
(75, 6, NULL, 'Feared as tyrants of the deserts, these Flying Wyverns attack any who stray into their territory.'),
(75, 5, NULL, 'Known as the \"Tyrant of the Desert\". The Diablos is extremely territorial and will use its massive horns to charge at invaders, Diablos have the ability to borrow underground and use this ability to strike from below, however, their sensitive ears make them susceptible to Sonic Bombs. Despite their predatory appearance, they are herbivorous and mostly feed on cactus.'),
(75, 7, NULL, 'Fеarеd as tyrants of thе dеsеrt, thеsе Flying Wyvеrns attack any who stray into thеir tеrritory.'),
(76, 1, NULL, 'Some legends consider this great dragon to be the devil fated to destroy the world, while others claim it is the giant who birthed creation. Is there any way for mere humans to quell its unending rage?'),
(77, 4, NULL, 'A monster that devours rock as its primary diet. The Crystals it devours mix with its saliva to produce explosive minerals that it can spit at its enemies.'),
(78, 3, NULL, 'Even among the rulers of the sky, the \"Dreadking\" is truly the king of kings. A giant, supported by wings as black as the scorched remains of its prey. Humans are usually unworthy of its attention, but it descends with fiery wrath upon intruders to its domain. Requires special permission to hunt.'),
(78, 7, NULL, NULL),
(79, 3, NULL, 'Every rose has its thorns. The \"Dreadqueen\'s\" thorns are barbs full of deadly venom, and they can scatter a purple cloud of suffocating death in any area she alights. She blooms proud and alone amidst her own desolation. Requires special permission to hunt.'),
(79, 7, NULL, NULL),
(80, 3, NULL, 'An exceptionally large Tetsucabra with tusks that can drill through earth, or even metal. If the Drilltusk weren\'t constantly shattering boulders on its enemies or trying to crush them with its weight, one could almost appreciate the masterful way it digs. Requires special permission to hunt.'),
(81, 1, NULL, 'Giant brute wyverns with hammer-like growths on their tails. They subsist on fallen or withered trees, often using their tails to knock said trees over. Researchers speculate that the lumps on their backs act as some sort of energy source.'),
(81, 3, NULL, 'Giant brute wyverns with hammer-like growths on their tails. They subsist on fallen or withered trees, often using their tails to knock said trees over. Researchers speculate that the lumps on their backs act as some sort of energy source.'),
(81, 7, NULL, NULL),
(82, 4, NULL, 'This Odogaron subspecies is forever on the prowl for its next meal, and is often seen carrying fresh kills in its mouth. Reports indicate it goes into a frenzy upon eating.'),
(83, 3, NULL, 'A Gammoth so gargantuan, ancient and strong that it may be mistaken for the foot of a mountain. Its great age and mountain home have given it the nickname \"Elderfrost\". Very few people have ever seen it fight, but it sometimes causes wild blizzards that race down the mountain and ravage the plains. Requires special permission to hunt.'),
(83, 7, NULL, NULL),
(84, 2, NULL, 'A Congalala variant with green fur and a more prominent crest. Even more ravenous than ordinary Congalalas, they can store a greater amount of gas in their body, which means that they can produce a wider-reaching flatulence when threatened or provoked.'),
(84, 6, NULL, 'A green-furred Congalala. Able to store even more prodigious quantities of gas than its pink brethren.'),
(84, 7, NULL, 'A grееn-furrеd Congalala. Ablе to storе еvеn morе prodigious quantitiеs of gas than its pink brеthrеn.'),
(85, 1, NULL, 'Submissive, water-dwelling herbivores that subsist on water grasses and moss. Epioth surface frequently to sunbathe. Extremely timid, they panic when danger is present, swimming about in haphazard fashion.'),
(86, 2, NULL, 'Stories of this legendary dragon date back to antiquity. Many skilled hunters have sought to challenge it, but none have ever returned. A monster shrouded in mystery...'),
(86, 3, NULL, 'Stories of this legendary dragon date back to antiquity. Many skilled hunters have sought to challenge it, but none have ever returned. A monster shrouded in mystery...'),
(86, 6, NULL, 'Lеgеndary black dragon shroudеd in mystеry. Many sought to challеngе it, fеw livеd to tеll thе talе...'),
(86, 4, NULL, 'A legendary black dragon known only as Fatalis. Rumored to have destroyed a kingdom in a single night, and has taken its castle for a roost.'),
(86, 7, NULL, NULL),
(87, 1, NULL, 'Bipedal creatures resembling cats, known for their light hair. Though usually docile, they will attack viciously if provoked. Naturally curious, some try to enter human society. Fond of Felvine, they will follow its scent anywhere.'),
(87, 2, NULL, 'Bipedal creatures resembling cats, known for their light hair. Though usually docile, they will attack viciously if provoked. Naturally curious, some try to enter human society. They are fond of Felvine and will follow its scent anywhere.'),
(87, 3, NULL, 'Bipedal creatures resembling cats, known for their light hair. Though usually docile, they will attack viciously if provoked. Naturally curious, some try to enter human society. They are fond of Felvine and will follow its scent anywhere.'),
(87, 6, NULL, 'Trapped in barrels and unable to free themselves, these Felynes await rescue.'),
(87, 5, NULL, 'Bipedal creatures resembling cats, known for their light hair. Though usually docile, they will attack viciously if provoked. Naturally curious, some try to enter human society, and are often hired by the Guild to cook for and otherwise assist hunters.'),
(87, 7, NULL, NULL),
(88, 1, NULL, 'This category includes carnivorous fish (Sharq, Catfish), migratory fish (Tuna, Arowanas), and natatorial fish (Molids, Perciformes). Fish often flee when attacked, so hunters prefer to use harpoons to obtain materials from them.'),
(89, 4, NULL, 'A Barioth variant capable of spewing a sub-zero breath attack that it uses to slow down prey. Be careful, as this attack can freeze you as well.'),
(90, 4, NULL, 'Feared as the “Thunderjaw Wyvern”, this Anjanath subspecies electrifies its jaws and dorsal membrane with every blow.'),
(90, 7, NULL, NULL),
(91, 2, NULL, NULL),
(91, 3, NULL, NULL),
(91, 4, NULL, 'A Rajang variant covered in golden fur. Utilizes severe ranged and wall-based attacks. It enters a glowing golden state when enraged.'),
(92, 4, NULL, NULL),
(93, 4, NULL, 'Vicious piscine that forms groups to defend their territory from intruders. Be sure not to venture too close to their habitat!'),
(93, 5, NULL, 'Vicious piscine that forms groups to defend their territory from intruders. Though primarily aquatic creatures, they have been known to chase their prey onto land, before wriggling back to the banks and into the water. Be sure not to venture too closely to their habitat!'),
(94, 3, NULL, 'Found in the most frigid regions of the world, Gammoths are behemoths with massive tusks. Though they are herbivores, when provoked they will leverage their enormous weight and trunks to crush a threat. They can also shatter the snow covering their legs to damage nearby foes.'),
(94, 7, NULL, NULL),
(95, 1, NULL, 'Flightless bird wyverns with vestigial wings. They can often be found roaming wild in the Misty Peaks, but are also raised as livestock in Yukumo Village. Quite timid, Gargwa have been known to lay eggs when startled.'),
(95, 2, NULL, 'Fightless, plain-dwelling bird wyverns with vestigial wings. Quite timid, Gargwa have been known to lay eggs when other creatures surprise them from behind. They are raised as livestock in numerous villages.'),
(95, 3, NULL, 'Flightless bird wyverns with vestigial wings, known to inhabit the Jurassic Frontier. Quite timid, Gargwa have been known to lay eggs when other creatures surprise them from behind. They are raised as livestock in numerous villages.'),
(95, 6, NULL, 'Placid Bird Wyverns raised as livestock. Their vestigial wings make them flightless.'),
(95, 5, NULL, 'Flightless bird wyverns with vestigial wings, known to inhabit the Jurassic Frontier. Quite timid, Gargwa have been known to lay eggs when other creatures surprise them from behind. They are raised as livestock in numerous villages.'),
(95, 7, NULL, NULL),
(96, 4, NULL, 'Pack monsters that inhabit the Elder\'s Recess. They are easily angered by intruders, and will charge at monsters twice their size.'),
(97, 2, NULL, 'Alpha monsters that lead Genprey packs. Larger than their brothers and with a more prominent crest, Gendrome use the venom in their highly evolved fangs and claws to paralyze their prey.'),
(97, 3, NULL, 'Alpha monsters that lead Genprey packs. Larger than their brothers and with a more prominent crest, Gendrome use the venom in their highly evolved fangs and claws to paralyze their prey.'),
(97, 6, NULL, 'Alpha monsters that lead Genprey. Paralyzing venom tips their highly-developed fangs and claws.'),
(97, 7, NULL, 'Alpha monstеrs that lеad Gеnprеy. Paralyzing vеnom tips thеir highly-dеvеlopеd fangs and claws.'),
(98, 2, NULL, 'Bird wyverns with a distinctive green-and-orange striped hide, Genprey live in packs in the Sunken Hollow and Primal Forest. Their claws and large fangs contain a paralyzing neurotoxin that they use to stun prey.'),
(98, 3, NULL, 'Bird wyverns with a distinctive green-and-orange striped hide, Genprey live in packs in the Dunes and Primal Forest. Their claws and large fangs contain a paralyzing neurotoxin that they use to stun prey.'),
(98, 6, NULL, 'Green-and-orange Bird Wyverns that hunt in packs. They make good use of their paralyzing venom.'),
(98, 7, NULL, NULL),
(99, 3, NULL, 'Alpha monsters that lead Giaprey packs. They sport splendid crests and are much bigger than Giaprey they lead. They spit ice with deadly accuracy, and woe betide the Hunter who gets caught in it.'),
(100, 3, NULL, 'A species of small bird-like carnivores known to inhabit the Arctic Ridge. Their white skin is beautiful, but their temperament is not. They are known to spit ice at hunters, and attack in deadly packs.'),
(101, 1, NULL, 'Remarkably fecund wyvern larvae that can flourish in any dark environment. They survive by leeching onto other animals, sucking their blood, and then converting it to toxins. Giggi victims are advised to shake them off by rolling vigorously on the ground.'),
(102, 1, NULL, 'Wyverns that inhabit the Tundra. Gigginox live in darkness and thus have degraded vision; they detect prey via body heat, then attack with poison. When excited, their color changes and parts of their body harden. Extremely fertile, laying innumerable eggs.'),
(103, 4, NULL, 'Monsters that are known to attack in packs, using the deadly vapor of the Rotten Vale to their advantage. They\'re known to crippling targets with their paralyzing fangs.'),
(104, 1, NULL, 'A Tundra-based subspecies of Agnaktor that spits powerful jets of water. Its sharp beak allows it to burrow into the permafrost and clad itself in a layer of ice. This icy armor can only be melted with heat-based attacks.'),
(104, 6, NULL, 'A subspecies of Agnaktor. With its though scales, even the tundra presents no obstacles to their movements.'),
(104, 7, NULL, NULL),
(105, 3, NULL, 'A brute wyvern that can bring its mighty tail down on foes like a massive sword, decimating them in an explosion of flames created from the volatile components found in its scales. If its tail dulls from accumulated soot, a Glavenus will use its fangs to resharpen it.'),
(105, 4, NULL, 'A brute wyvern that wields its heavy blue tail like a blade. It grows hotter and more keen with each strike until it glows red.'),
(105, 6, NULL, NULL),
(105, 7, NULL, NULL),
(106, 1, NULL, 'Monsters with strong camouflage skills and powerful neurotoxins. Poor swimmers, Gobul conceal themselves and lure prey by imitating plants with their barbels. Can reportedly swallow Epioth whole. They love frogs.'),
(107, 2, NULL, 'Coated in a thick, sticky fluid, this massive elder dragon appears unhindered by the Dragonator lodged in its back. Eyewitness reports suggest that, despite its massive size, this mysterious behemoth is indeed capable of flight.'),
(108, 1, NULL, 'A rare variant of Rathian with a beautiful golden body reminiscent of the moon. Little is known about their behavior or physiology--including the source of their rich golden sheen.'),
(108, 2, NULL, 'A rare variant of Rathian with a beautiful golden body reminiscent of the moon. Little is known about their behavior or physiology--including the source of their rich golden sheen.'),
(108, 3, NULL, 'A rare variant of Rathian with a beautiful golden body reminiscent of the moon. Little is known about their behavior or physiology--including the source of their rich golden sheen.'),
(108, 4, NULL, 'A rare gleaming gold-scaled Rathian species. When wreathed in hellfire, its breath grows more lethal and its tail swipes broader.'),
(108, 6, NULL, 'A rare Rathian subspecies. Its majestic golden sheen resembles the glow of the full moon.'),
(108, 7, NULL, 'A rarе Rathian subspеciеs. Its majеstic goldеn shееn rеsеmblеs thе glow of thе full moon.'),
(109, 1, NULL, 'A rarely-seen subspecies of Ceadeus confirmed to exist deep within ocean ruins. The golden light they cast in the dark depths befits a creature of such legendary status. Sadly, little is known about their relationship to the standard Ceadeus.'),
(110, 2, NULL, 'A curious monster that, when threatened, scatters pollen-like scales that heighten its own senses while causing detrimental effects to any other creatures that inhale them. As elusive as they are mysterious.');
INSERT INTO `monster_game` (`mg_fk_monster_id`, `mg_fk_game_id`, `mg_monster_icon`, `mg_monster_description`) VALUES
(110, 3, NULL, 'A bizarre wyvern that, when threatened, scatters pollen-like scales that heighten its own senses while causing detrimental effects to any other creatures that inhale them. As elusive as it is mysterious.'),
(111, 5, NULL, 'A Fanged Beast roaming snowy plains in search of prey. Its body is covered in fur so thick it keeps out the harsh frost. It can inhale the cold air to freeze its own bodily fluids and then spit them out to create icy blades on its arms. When riled up, it turns red and becomes exceedingly dangerous.'),
(112, 2, NULL, 'Large wyverns found in volcanic areas. They possess a fiery breath attack and the ability to emit sleeping gas. Their bony carapaces are extremely tough, but expose a surprisingly brittle interior once destroyed.'),
(112, 3, NULL, 'Large wyverns found in volcanic areas. They possess a fiery breath attack and the ability to emit sleeping gas. Their bony carapaces are extremely tough, but expose a surprisingly brittle interior once destroyed.'),
(112, 6, NULL, 'Flying Wyverns that inhabit volcanic regions. Capable of attacking with fiery breath and sleeping gas.'),
(112, 7, NULL, 'Flying Wyvеrns that inhabit volcanic rеgions. Capablе of attacking with fiеry brеath and slееping gas.'),
(113, 1, NULL, 'Carnivorous bird wyverns like the Jaggi. Noted for their projecting cranial crests and bluish-white skin that\'s adapted to snow. Great Baggi craftily command other Baggi to surround their prey and stun them with a tranquilizing fluid.'),
(113, 6, NULL, 'Bluish-white, crested Bird Wyverns. Their ruthless cunning makes them natural leaders of Baggi packs.'),
(113, 5, NULL, 'A carnivorous bird wyvern. Noted for their projecting cranial crests and bluish-white skin that\'s adapted to snowy climates. Great Baggi craftily command other Baggi to surround their prey and stun them with a tranquilizing fluid.'),
(113, 7, NULL, 'Bluish-whitе, crеstеd Bird Wyvеrns. Thеir ruthlеss cunning makеs thеm natural lеadеrs of Baggi packs.'),
(114, 6, NULL, 'Large Dracophage Bugs. Dragon Element energy is said to lie dormant within their bodies.'),
(114, 7, NULL, NULL),
(115, 4, NULL, 'A monster that scavenges for meals dropped from the Coral Highlands. It acts as the alpha leader of a Girros pack, and sports giant fangs that paralyze its prey.'),
(116, 5, NULL, 'The alpha Izuchi of its pack, identified by its larger build, upended white fur and scythe-like tail. A Great Izuchi forms a herd of many smaller Izuchi and selects two from the group to accompany it on territory patrols. Once it spots prey or senses danger, the Great Izuchi issues commands to their fellow Izuchi, and coordinates their movements. Take care that you don\'t get overwhelmed.'),
(117, 1, NULL, 'The commanding alpha male of Jaggi packs. Most males leave the group upon reaching maturity, returning to compete with others. The dominant male then becomes a Great Jaggi. Apparently, they can issue fairly complex orders via howling.'),
(117, 2, NULL, 'The commanding alpha male of Jaggi packs. Most males leave the group upon reaching maturity, returning to compete with others. The dominant male then becomes a Great Jaggi. Apparently, they can issue fairly complex orders via howling.'),
(117, 6, NULL, 'Alpha monsters that lead Jaggi. They issue complex commands to the pack via their howls.'),
(117, 7, NULL, 'Alpha monstеrs that lеad Jaggi. Thеy issuе complеx commands to thе pack via thеir howls.'),
(118, 4, NULL, 'The pack leader of the Jagras. When hungry, Great Jagras are known to attack monsters even stronger than themselves. It balloons to unbelievable proportions after swallowing prey.'),
(119, 3, NULL, 'Leader of the pack-hunting Maccao, the Great Maccao is easily spotted by its large size and feather-like yellow crest. It can balance on its tail and spring forward for a deadly strike, but when weakened, its lesser Maccao cousins are quick to turn tail and run.'),
(120, 3, NULL, 'Thunderbugs can be used to make a variety of weapons and items, but these ones have grown to a monstrous size inside an elder dragon. They are imbued with formidable electric powers. They congregate at night and in caves where the sunlight doesn\'t reach.'),
(120, 6, NULL, 'Thunderbugs can be used to make a variety of weapons and items, but these ones have grown to a monstrous size inside an elder dragon. They are imbued with formidable electric powers. They congregate at night and in caves where the sunlight doesn\'t reach.'),
(120, 7, NULL, NULL),
(121, 1, NULL, 'Bird wyverns that spit a poisonous mist. Wroggi travel in packs that are led by the largest and most toxic member. The poison is made in a sac-like organ around its throat; if this is destroyed, the creature\'s ability to spit is impaired.'),
(121, 5, NULL, 'Wroggi are bird wyverns that travel in packs that are led by largest and most toxic member. Be careful when one raises its head and its poison sac expands—that signals that it\'s about to spit a cloud of poisonous mist.'),
(122, 1, NULL, 'A Nargacuga subspecies with mottled fur that allows it to blend into the foliage of verdant areas like the Flooded Forest and the Deserted Island. It is quite skilled in the use of its tail, the spikes of which are said to be extremely deadly.'),
(122, 6, NULL, 'Dappled green fur serves as camouflage in the deep forests that this Nargacuga calls home.'),
(122, 7, NULL, 'Dapplеd grееn fur sеrvеs as camouflagе in thе dееp forеsts that this Nargacuga calls homе.'),
(123, 1, NULL, 'A subspecies of Plesioth with jade-green scales. Though primarily aquatic, the creature\'s movements are equally adept both in and out of water. When enraged, it has a habit of surfacing to rampage on land.'),
(123, 7, NULL, NULL),
(124, 4, NULL, NULL),
(125, 3, NULL, 'Highly developed physical strength lets it trample anything in its way, and its raw power overwhelms the so-called technological strengths that humans have spent centuries cultivating. Even veteran hunters shudder at its name, \"Grimclaw.\" Requires special permission to hunt.'),
(125, 7, NULL, NULL),
(126, 2, NULL, 'Wyverns that can generate disorienting flashes of light by striking their prominent crests. Their rubbery hide resists blunt impacts and makes Shock Traps less effective. Beware: The poisonous saliva they spit can flow down slopes.'),
(126, 3, NULL, 'Wyverns that can generate disorienting flashes of light by striking their prominent crests. Their rubbery hide resists blunt impacts and makes Shock Traps less effective. Beware: The poisonous saliva they spit can flow down slopes.'),
(126, 6, NULL, 'Crested Bird Wyverns. They strike their crests to generate blinding flashes and dazzle their enemies.'),
(126, 7, NULL, 'Crеstеd Bird Wyvеrns. Thеy strikе thеir crеsts to gеnеratе blinding flashеs and dazzlе thеir еnеmiеs.'),
(127, 1, NULL, 'A subspecies of Jhen Mohran whose appearance has been likened to a crystal shimmering in the darkness. It inspires such awe and wonder that news of a sighting draws a stampede of hunters from across the land.'),
(128, 3, NULL, 'A Glavenus whose intense heat is akin to an active volcano. It can blast apart stone with a single breath, and incinerate mountains with a single swipe of its red-hot tail. The \"Hellblade\" requires a special permission to hunt.'),
(128, 7, NULL, NULL),
(129, 2, NULL, 'These small, hard-shelled Carapaceon creatures are common in the desert, where they frequently lie in wait under the sands, lashing out when prey happen past them. Their brains are prized as a delicacy.'),
(129, 3, NULL, 'These small, hard-shelled Carapaceon creatures are common in the desert, where they frequently lie in wait under the sands, lashing out when prey happen past them. Their brains are prized as a delicacy.'),
(129, 6, NULL, 'Small hard-shelled Carapaceons. Their brains are regarded as a delicacy in some regions.'),
(129, 7, NULL, NULL),
(130, 1, NULL, 'A Vespoid-like monster, but with a thicker shell. Easily damaged, there are rarely any usable materials left to harvest from them once killed. But if you could sap their Health gradually...'),
(130, 3, NULL, 'Small insects that are found primarily on land. They\'re highly territorial and will attack anything that approaches them. Gather their materials by attacking them with the slinger.'),
(131, 2, NULL, 'Alpha monsters that lead Ioprey. Larger than their brothers and with a more prominent crest, Iodrome spit a poison that slowly saps the life from their prey. They are found primarily in subtropical zones.'),
(131, 3, NULL, 'Alpha monsters that lead Ioprey. Larger than their brothers and with a more prominent crest, Iodrome spit a poison that slowly saps the life from their prey. They are found primarily in subtropical zones.'),
(131, 6, NULL, 'Alpha monsters that lead Ioprey. Their poison sacs allow them to attack by spitting an acrid venom.'),
(131, 7, NULL, 'Alpha monstеrs that lеad Ioprеy. Thеir poison sacs allow thеm to attack by spitting an acrid vеnom.'),
(132, 2, NULL, 'A vivid red species of small carnivores often found in subtropical zones. Sacs in their throats contain a powerful poison that slowly drains the Health of their prey.'),
(132, 3, NULL, 'A vivid red species of small carnivores often found in subtropical zones. Sacs in their throats contain a powerful poison that slowly drains the Health of their prey.'),
(132, 6, NULL, 'Red-scaled Bird Wyverns that attack by excreting venom from their throat sacs which they spit at foes.'),
(132, 7, NULL, NULL),
(133, 1, NULL, 'A subspecies of Lagiacrus with a beautiful ivory carapace. It has exceptional mobility while on land, and its charge and breath attacks are nothing short of devastating. The electrical charges it emits when enraged are truly fearsome.'),
(133, 6, NULL, 'A Lagiacrus subspecies adapted to life on land. Its beautiful white carapace belies its vicious nature.'),
(133, 7, NULL, 'A Lagiacrus subspеciеs adaptеd to lifе on land. Its bеautiful whitе carapacе bеliеs its vicious naturе.'),
(134, 5, NULL, 'An omnivorous bird wyvern that has a characteristic scythe-shaped tail. It uses this tail to attack, but also to climb trees and chop down fruit. Most Izuchi fall into herd led by a Great Izuchi; in each herd, the two best fighters are selected by the leader to help it hunt prey.'),
(135, 1, NULL, 'A subspecies of Barroth found in colder climates. Lacking mud, they coat themselves with snow and ice, which can be flung at perceived threats. They are known for bashing their overgrown crowns into the ice, and subsist primarily on Bnahabra.'),
(135, 6, NULL, 'A subspecies of Barroth. Often seen in polar regions, bashing their crowns against the ice.'),
(135, 7, NULL, 'A subspеciеs of Barroth. Oftеn sееn in polar rеgions, bashing thеir crowns against thе icе.'),
(136, 1, NULL, 'Highly social, carnivorous bird wyverns that live in large packs. Young Jaggi males hunt in groups when attacking larger animals, and have been known to steal wyvern eggs. Research suggest they operate under orders from a single alpha male.'),
(136, 2, NULL, 'Highly social, carnivorous bird wyverns that live in large packs. Young Jaggi males hunt in groups when attacking larger animals and have been known to steal wyvern eggs. Research suggests they operate under orders from a single alpha male.'),
(136, 3, NULL, 'Highly social, carnivorous bird wyverns that live in large packs. Young Jaggi males hunt in groups when attacking larger animals and have been known to steal wyvern eggs. Research suggests they operate under orders from a single alpha male.'),
(136, 6, NULL, 'Carnivorous Bird Wyverns. They hunt in packs, and the young males are typically smaller than the females.'),
(136, 5, NULL, 'Highly social, carnivorous bird wyverns that live in large packs. Young Jaggi males hunt in groups when attacking larger animals. Research suggests they operate under orders from a single aplha male.'),
(136, 7, NULL, NULL),
(137, 1, NULL, 'Female Jaggi that stay in groups, Jaggia generally cluster around the nest to defend it and raise whelps. Smaller than mature males, but larger than and tougher than the countless young males. Jaggia also operate under an alphas orders.'),
(137, 2, NULL, 'Female Jaggi that stay in packs, Jaggia generally live near the nest and are responsible for defending it and raising young. Smaller than mature males, but larger and tougher than the pack\'s countless young males. They also operate under orders from the alpha.'),
(137, 3, NULL, 'Female Jaggi that stay in packs, Jaggia generally live near the nest and are responsible for defending it and raising young. Smaller than mature males, but larger and tougher than the pack\'s countless young males. They also operate under orders from the alpha.'),
(137, 6, NULL, 'Female Jaggi that live in packs, generally responsible for protecting the nest and raising the young.'),
(137, 5, NULL, 'Female Jaggi that stay in packs, Jaggia generally live near the nest and are responsible for defending it and raising young. Smaller than mature males, but larger and tougher than the pack\'s countless young males. They also operate under orders from the alpha.'),
(137, 7, NULL, NULL),
(138, 4, NULL, 'Members of the Great Jagras pack, these smaller monsters will flee upon seeing one of their own perish. They are also known for ambushing larger monsters at a moment\'s notice.'),
(138, 5, NULL, 'A smaller monster that travels and hunts in packs. Its hide blends in with its forest environment, and it has characteristic spikes on its back. If you chase a few away, the rest will usually follow suit. They tend to keep their distance when large monsters enter their territory, but sometimes the entire group will attack if they feel particularly threatened.'),
(139, 1, NULL, 'Rare ore can be mined from these enormous dragons\' backs; thus they are considered prosperity symbols. They swallow vast amounts of organic material and are always surrounded by scavenging Delex, which sailors use to locate them.'),
(140, 4, NULL, 'A large piscine wyvern that inhabits the swamps of the Wildspire Waste. It uses mud to capture prey, and it\'s known to battle other monsters over territory.'),
(140, 5, NULL, 'A piscine wyvern that inhabits swamps, utilizing the mud there to hunt and survive. It wallows in the mire to maximize cutaneous respiration and preserve the toughness of its scales. The sludge it spits is highly viscous, so watch where you step, lest you get stuck in it.'),
(141, 2, NULL, 'Fanged beasts with limbs adapted for swinging through forests and membranes on their forelegs for gliding. When provoked, they shield their faces with giant ears, blocking out any loud noises or bright light.'),
(141, 3, NULL, 'Fanged beasts with limbs adapted for swinging through forests and membranes on their forelegs for gliding. When provoked, they shield their faces with giant ears, blocking out any loud noises or bright light.'),
(141, 6, NULL, 'Fanged Beasts with limbs well adapted to swinging through the forest tree areas they inhabit.'),
(141, 7, NULL, 'Fangеd Bеasts with limbs wеll adaptеd to swinging through thе forеst trее arеas thеy inhabit.'),
(142, 1, NULL, 'Small herbivores known for their gentle demeanor, as well as the medicinal properties of their horns. Those wishing to harvest a horn should stun the Kelbi with strike attacks, then sever the appendage while the animal is still alive.'),
(142, 2, NULL, 'Small herbivores known for their gentle demeanor as well as medicinal properties of their horns. Those wishing to harvest a horn should stun the Kelbi with blunt attacks and then sever it while the animal is still alive.'),
(142, 3, NULL, 'Small herbivores known for their gentle demeanor as well as medicinal properties of their horns. Those wishing to harvest a horn should stun the Kelbi with blunt attacks and then sever it while the animal is still alive.'),
(142, 4, NULL, 'Small herbivores known for their gentle demeanor and the medicinal properties of their horns. Those wishing to harvest a horn should aim for the head when attacking them.'),
(142, 6, NULL, 'Diminutive herbivorous monsters known for their kind nature. Their horns are said to be rich in nutrients.'),
(142, 5, NULL, 'Small herbivores known for their gentle demeanor as well as medicinal properties of their horns. Those wishing to harvest a horn should aim for the head when attacking them.'),
(142, 7, NULL, NULL),
(143, 4, NULL, 'Female Kestodon will alert the pack of danger, while the males will violently charge would-be threats. Their rushing charges can be blocked, however, leaving them open to attacks.'),
(143, 5, NULL, 'Female Kestodon will alert the pack of danger, while the males will violently charge would-be threats. Their rushing charges can be blocked, however, leaving them open to attacks. Males are blessed with a stronger physique, and they can easily be told apart from the females by their coloring and head shape.'),
(144, 2, NULL, 'Loathsome wyverns that dwell in caves and other dark places. All but blind, Khezu hunt by smell, using electric shocks to paralyze their prey before pouncing from high walls and ceilings.'),
(144, 3, NULL, 'Loathsome wyverns that dwell in caves and other dark places. All but blind, Khezu hunt by smell, using electric shocks to paralyze their prey before pouncing on them from the walls or ceiling.'),
(144, 6, NULL, 'Loathsome Flying Wyverns dwelling mainly in caves. They generate and release electricity to deadly effect.'),
(144, 5, NULL, 'Its long, elastic neck stretching out while it clings to a wall or the ceiling is a sight straight out of a nightmare. Make sure you do not get overwhelmed by its horrific appearance.'),
(144, 7, NULL, 'Loathsomе Flying Wyvеrns dwеlling mainly in cavеs. Thеy gеnеratе and rеlеasе еlеctricity to dеadly еffеct.'),
(145, 2, NULL, 'Elder dragons so rarely sighted that little is known of their ecology, though everyone knows of the high prices Kirin parts fetch. It\'s been said they are one with lightning itself, and that their bodies becomes clothed in pure electricity when they are provoked.'),
(145, 3, NULL, 'Elder dragons so rarely sighted that little is known of their ecology, though everyone knows of the high prices Kirin parts fetch. It\'s been said they are one with lightning itself, and that their bodies becomes clothed in pure electricity when they are provoked.'),
(145, 4, NULL, 'Kirin are so rarely sighted that little is known of their ecology. It\'s been said that they envelop themselves in pure electricity when they are provoked.'),
(145, 6, NULL, 'Lightning-wielding mystical creature. Classified as an Elder Dragon, but its true nature remains a mystery.'),
(145, 7, NULL, 'Lightning-wiеlding mystical crеaturе. Classifiеd as an Eldеr Dragon, but its truе naturе rеmains a mystеry.'),
(146, 2, NULL, 'Neopterons that travel widely for food and can survive in almost any environment. Konchu roll into balls both to protect themselves and to fend off threats. Their sturdy shells are fairly easy to procure and are highly prized by armorers.'),
(146, 3, NULL, 'Neopterons that travel widely for food and can survive in almost any environment. Konchu roll into balls both to protect themselves and to fend off threats. Their sturdy shells are fairly easy to procure and are highly prized by armorers.'),
(146, 6, NULL, 'Neopterons that roam in search of food. Coloration varies based on habitat, this variety being sandy yellow/ an icy blue/ a rusty red/ verdant green.'),
(146, 7, NULL, NULL),
(147, 4, NULL, 'An odd bird wyvern that has developed limbs capable of carrying weapons. It\'s been spotted stealing eggs from nests found in the Ancient Forest and Wildspire Waste.'),
(147, 5, NULL, 'A bird wyvern that has developed limbs capable of carrying objects. It has been spotted stealing eggs from nests. If attacked while carrying an egg, it will drop the egg in fright and flee. When engaged, a Kulu-Ya-Ku will dig up a small boulder to shield itself against threats or use it in its attacks.'),
(147, 7, NULL, 'The wingless Kulu-Ya-Ku use their front claws to grab objects. They dig up rocks to use as a shield, or to throw at their enemies.'),
(148, 4, NULL, 'An elder dragon that protects itself with a glittering coat of metal. Its ecology and coat differ with each appearance, thus the need for a thorough investigation.'),
(148, 7, NULL, NULL),
(149, 2, NULL, 'It\'s difficult to even get close to one of these metallic dragons, but some claim better odds if the creature is weakened with poison, or has another hunter on its back, limiting the amount of wind pressure it can muster.'),
(149, 3, NULL, 'It\'s difficult to even get close to one of these metallic dragons, but some claim better odds if the creature is weakened with poison, or has another hunter on its back, limiting the amount of wind pressure it can muster.'),
(149, 4, NULL, 'An elder dragon that shields itself with fierce winds, preventing anyone from approaching it. Its skins consist of hard, metallic scales.'),
(149, 6, NULL, 'Eldеr Dragon clad in mеtal plating. Gеnеratеs storms whеrеvеr it goеs. Gеtting closе to it is no mеan fеat.'),
(149, 5, NULL, 'It\'s difficult to even get close to one of these metallic elder dragons, but some claim better odds if the creature is weakened with poison, or has its horn broken, limiting the amount of wind pressure it can muster.'),
(149, 7, NULL, NULL),
(150, 1, NULL, 'Leviathans that exist at the top of the aquatic food chain. Feared by sailors as the \"Lords of the Seas\", Lagiacrus store enough electricity in their spinal organs to make the oceans surge. Occasionally they can be found resting on land as well.'),
(150, 3, NULL, 'Leviathans that exist at the top of the aquatic food chain. Feared by sailors as the \"Lords of the Seas\", Lagiacrus store enough electricity in their spinal organs to make the oceans surge. Occasionally they can be found resting on land as well.'),
(150, 6, NULL, 'Leviathans atop the aquatic food chain, due in no small part to their ability to deliver electrical shocks.'),
(150, 7, NULL, 'Lеviathans atop thе aquatic food chain, duе in no small part to thеir ability to dеlivеr еlеctrical shocks.'),
(151, 1, NULL, 'Fanged beasts whose warm pelts and thick layers of fat help them to survive in harsh colder climates. Though mainly herbivores, Lagombi occasionally make use of their exceptional hearing and ability to glide on ice to sneak up on live prey.'),
(151, 2, NULL, 'Fanged beasts whose warm pelts and thick layers of fat help them survive in cold climates. Though mainly herbivores, Lagombi occasionally make use of their exceptional hearing and ability to glide on ice to sneak up on prey.'),
(151, 3, NULL, 'Fanged beasts whose warm pelts and thick layers of fat help them survive in cold climates. Though mainly herbivores, Lagombi occasionally make use of their exceptional hearing and ability to glide on ice to sneak up on prey.'),
(151, 6, NULL, 'White Fanged Beasts with acute hearing. They slide on the ice at high speeds to chase down their prey.'),
(151, 5, NULL, 'Fanged, long-eared beasts whose warm pelts and thick layers of fat help them survive in cold climates. Though mainly herbivores, Lagombi occasionally make use of their exceptional hearing and ability to glide on ice to sneak up on prey.'),
(151, 7, NULL, 'Whitе Fangеd Bеasts with acutе hеaring. Thеy slidе on thе icе at high spееds to chasе down thеir prеy.'),
(152, 3, NULL, 'A giant dragon that has only been rarely sighted. It periodically prowls close to inhabited areas, and the damage it causes is comparable to that wreaked by a natural disaster. Its habits are a mystery, and no one knows why it occasionally wanders. The Guild has built defensive barricades where they appear, but to what effect.'),
(153, 3, NULL, 'These giant herbivores are peaceful towards hunters unless their young are threatened. Their long necks let them eat hard-to-reach leaves and nuts, which they may drop if attacked while feeding, and eat constantly to maintain their size. They also have a unique sound-producing organs.'),
(153, 7, NULL, NULL),
(154, 3, NULL, 'A piscine wyvern that resides in magma. Its scales are covered by layers of cooled magma, providing it with formidable defense. It swims around in lava, sucking in molten rock to spew at its prey. Its peculiar biology makes it a popular research subject.'),
(154, 4, NULL, 'Lavasioths utilize molten lava as armor. They are extremely aggressive and will attack without prejudice until the threat has been eliminated.'),
(155, 4, NULL, 'The apex monster of the Coral Highlands, whose diet primarily consists of Raphinos. It emits a chilling wind from its body, which dulls its prey\'s ability to escape.'),
(155, 7, NULL, NULL),
(156, 4, NULL, 'Dwelling deep inside the forest, these creatures use their innate magic to control all flora and fauna within their territory.'),
(157, 1, NULL, 'Aquatic female monsters. Ludroth form \"harems\" around large males, hence gathering in territories designated as breeding grounds. They are known to be extremely aggressive towards outsiders; caution is advised.'),
(157, 3, NULL, 'Aquatic female monsters. Ludroth form \"harems\" around large males, gathering in territories designated as breeding grounds. They\'re known to be extremely aggressive towards outsiders, so caution is advised when treading in their territory.'),
(157, 6, NULL, 'Aquatic female monsters. They form harems around large males, aggressively attacking interlopers.'),
(157, 5, NULL, 'Aquatic female monsters. Ludroth form \"harems\" around large males, gathering in territories designated as breeding grounds. They\'re known to be extremely aggressive towards outsiders, so caution is advised when treading in their territory.'),
(157, 7, NULL, NULL),
(158, 4, NULL, 'A rare female Elder Dragon that litters the air with hot blue dust. Reports of it traveling with her mate, Teostra, are unconfirmed.'),
(159, 3, NULL, 'Colorful red and green bird wyverns that live in large packs, they can be found mostly in the Jurassic Frontier. Though they attack prey aggressively with their strong legs, they are known to flee once their leader is in danger.'),
(160, 5, NULL, 'A monster with a carapace like tempered steel armor. The vapor around it is actually the expelling of trapped gases from the hordes of monsters Magnamalo has consumed. This has earned it the moniker \"Wyvern of Malice.\" Its shrouded swings can inflict hellfireblight, which causes one to combust either spontaneously or when hit. Use a Deodorant or a Wirebug to rid yourself of hellfire.'),
(161, 6, NULL, 'Legendary black dragon. Darkens the skies, swallows up light; the very embodiment of despair.'),
(162, 3, NULL, 'A bird wyvern which is most at home in the dark. It catches prey with its wings and talons. Its pivoting neck is characteristic, and it\'s worth a look to see it turned completely around to look behind itself. Scales in its wings can scatter a pollen that can cause confuse its foes.'),
(163, 1, NULL, 'Bipedal creatures resembling cats, known for their dark hair. more curious then Felynes and possessed by kleptomania, Melynxes take what they steal back to their dens. Felvine intoxicates them, causing them to sometimes drop items.'),
(163, 2, NULL, 'Bipedal creatures resembling cats, known for their dark hair. more curious then Felynes and possessed by kleptomania, Melynxes take what they steal back to their dens. Felvine intoxicates them, causing them to sometimes drop items.'),
(163, 3, NULL, 'Bipedal creatures resembling cats, known for their dark hair. more curious then Felynes and possessed by kleptomania, Melynxes take what they steal back to their dens. Felvine intoxicates them, causing them to sometimes drop items.'),
(163, 5, NULL, 'Bipedal creatures resembling cats, known for their dark hair. More curious than Felynes and possessed by kleptomania, Melynxes take what they steal back to their dens.'),
(164, 4, NULL, 'Wingdrakes that feast on scatternuts. The flock will travel great distances when startled, making them an invaluable mode of transportation for clever hunters.'),
(165, 3, NULL, 'A specially evolved Leviathan with a sleek, lithe body. Mizutsune can secrete a peculiar fluid that covers its foes in immobilizing bubbles. Once its foe\'s movement is impaired, it closes in with spry, dance-like movements.'),
(165, 5, NULL, 'A specially evolved Leviathan with a sleek, lithe body. Mizutsune can secrete a peculiar fluid that covers its foes in immobilizing bubbles. Once its foe\'s movement is impaired, it closes in with spry, dance-like movements.'),
(165, 7, NULL, NULL),
(166, 2, NULL, 'A rare Tigrex variant theorized to exist after the discovery of claw marks and prints far larger than those of an ordinary Tigrex. With no confirmed first-hand sightings, its existence remains a matter of debate among hunters.'),
(166, 6, NULL, 'A rare Tigrex subspecies. Its existence is unconfirmed due to lack of reliable, and living, eye-witness accounts.'),
(166, 7, NULL, 'A rarе Tigrеx subspеciеs. Its еxistеncе is unconfirmеd duе to a lack of rеliablе, and living, еyе-witnеss accounts.'),
(167, 2, NULL, 'A monocerous desert-dwelling wyvern able to burrow swiftly through the sand. It puts its horn to lethal use with a charging thrust, and while it possesses no breath attack, its roar is loud enough to split human eardrums.'),
(167, 6, NULL, 'Endowed with an impressive cranial horn. It uses its horn in brutal attacks, screeching ear-splitting war cries.'),
(167, 7, NULL, 'Endowеd with an imprеssivе cranial horn. It usеs its horn in brutal attacks, scrееching еar-splitting war criеs.'),
(168, 3, NULL, 'Small herbivores that can be found on the Deserted Island. Their soft, high-quality fur has been used since ancient times in clothing and ceremonial tools, and can be shaved off of them with cutting weapons. They are docile and raised as livestock in many regions.'),
(169, 3, NULL, 'Wild pigs covered in moss and fungus. Sometimes you will even find mushrooms growing on them. Their meat is known as a delicacy, and although normally docile, they will charge when provoked.'),
(169, 4, NULL, 'Mosswine are known for their excellent sense of smell, and are often found foraging for fungi. If you\'re hunting around for mushrooms, follow the Mosswine to the motherlode.'),
(170, 2, NULL, 'A monster that stuns its prey with vibrations from its scales, then wraps around and constricts its victims. Should a Najarala start to coil around you, a quick escape or quick kill are your only chances of survival.'),
(170, 3, NULL, 'A monster that stuns its prey with vibrations from its scales, then wraps around and constricts its victims. Once a Najarala start to coil around its prey, a quick escape or a mortal blow to it are the only things that will offer a chance at survival.'),
(171, 3, NULL, 'Frighteningly little is known about this elder dragon whose appetite can devastate surrounding ecosystems. After covering its prey in a repulsive mucus, it has been seen dragging them back to feast in its macabre nest of bones and undulating darkness known as Wyvern\'s End.'),
(172, 4, NULL, 'An elder dragon coated in water and able to freely control lightning. A unique organ allows it to pump electricity into the pools of water it creates, causing massive bursts of steam.'),
(173, 1, NULL, 'Flying wyverns that have evolved to live in thickly wooded areas. These sly beasts stalk their prey from the shadows with ferocious speed and dogged tenacity, and their massive tails are as dexterous as they are deadly.'),
(173, 3, NULL, 'Flying wyverns that have evolved to live in thickly wooded areas. These sly beasts stalk their prey from the shadows with ferocious speed and dogged tenacity. Their massive tails are as dexterous as they are deadly, and powerful enough to slay smaller monsters with one strike.'),
(173, 4, NULL, 'Extremely agile, especially on the ground, this obsidian-furred flying wyvern moves with explosive bursts of speed.'),
(173, 6, NULL, 'Flying Wyverns residing in wooded areas. Fearfully fast, persistent, and sly, they excel at hunting prey.'),
(173, 5, NULL, 'Flying wyverns that have evolved to live in thickly wooded areas. Covered in jet black fur, these cunning predators stalk their prey from the shadows with ferocious speed. Their massive tails are as dexterous as they are deadly, and powerful enough to slay smaller monsters with one strike.'),
(173, 7, NULL, 'Flying Wyvеrns rеsiding in woodеd arеas. Fеarfully fast, pеrsistеnt, and sly, thеy еxcеl at hunting prеy.'),
(174, 5, NULL, 'Having absorbed the lifeforce of her \"king\", Narwa has transformed and become imbued with new power. She now possesses Ibushi\'s mastery over wind as well as her own control over thunder, and lusts for utter annihilation.'),
(175, 3, NULL, 'A terrible elder dragon that appears when other elders are in the vicinity. Its penchant for destruction is well documented.'),
(175, 7, NULL, NULL),
(176, 2, NULL, 'A Temnoceran that spins webs to defend territory and hunt prey. They bind foes that have been weakened by ailments and devour them with giant mandibles. They are fond of wearing the hides left by the Gypceros prey they consume.'),
(176, 3, NULL, 'A Temnoceran that spins webs to defend territory and hunt prey. They bind foes that have been weakened by ailments and devour them with giant mandibles. They are fond of wearing the hides left by the Gypceros prey they consume.'),
(176, 6, NULL, 'Temnocerans that build nests of sticky webbing to ensnare prey, which they rend with their mandibles.'),
(176, 7, NULL, 'Tеmnocеrans that build nеsts of sticky wеbbing to еnsnarе prеy, which thеy rеnd with thеir mandiblеs.'),
(177, 1, NULL, 'Leviathans that have adapted to live in sandy areas. They burrow beneath the desert and locate prey aurally, then suck both the target and any surrounding sand into their maws. The gill-like organs in their mouths are thought to absorb nutrients.'),
(177, 3, NULL, 'Leviathans that have adapted to live in sandy areas. They burrow beneath the desert and locate prey aurally, then suck both the target and any surrounding sand into their maws. The gill-like organs in their mouths are thought to absorb nutrients.'),
(178, 3, NULL, 'This huge bird wyvern with its twilight-colored wings uses special scales to refract light and hide itself from its prey. This is why it\'s also known as \"Nightcloak\". Whoever or whatever sees it, be they monster or human, stands no chance of survival. Requires special permission to hunt.'),
(179, 4, NULL, 'A Paolumu subspecies capable of putting prey to sleep. It produces a powerful sedative gas stored within its throat sac that it can expel and scatter to knock unwary foes out.'),
(180, 4, NULL, 'Wingdrakes that will produce a sound similar to screamer pods when startled. Use meat to get their attention, and then hunt them for materials, or use them as transportation'),
(181, 4, NULL, 'A terrifying monster that scours the Rotten Vale for carrion. Its highly aggressive nature means that anything, be it monster or man, is a potential meal.'),
(182, 7, NULL, NULL),
(183, 2, NULL, 'Reliable sightings of these elusive creatures are virtually nonexistent. The few reports available claim that temperatures plummet whenever they appear, as all moisture in the air spontaneously freezes.'),
(183, 6, NULL, 'Mythical beasts that few have encountered. It is said that temperatures around them plummet below zero.'),
(183, 7, NULL, 'Mythical bеasts that fеw havе еncountеrеd. It is said that tеmpеraturеs around thеm plummеt bеlow zеro.'),
(184, 4, NULL, 'Paolumu feast on eggs found in the Coral Highlands. They are able to propel through the air using unique sacs in their bodies, and attack with their extremely hard tails.'),
(184, 7, NULL, NULL),
(185, 1, NULL, 'A subspecies of Rathian with vibrant pink scales. Pink Rathian wield their toxic tails more skillfully than normal Rathian, using a wide variety of attacks to weaken their prey before eventually moving in for the kill.'),
(185, 2, NULL, 'A subspecies of Rathian with vibrant pink scales. Pink Rathian wield their toxic tails more skillfully than normal Rathian, using a wide variety of attacks to weaken their prey before eventually moving in for the kill.'),
(185, 4, NULL, 'A subspecies with vibrant pink scales. Pink Rathians wield their toxic tails more deftly than normal Rathians, weakening prey with poison before moving in for the kill.'),
(185, 6, NULL, 'A vivid, pink-scaled Rathian subspecies. Its tail attacks are far more powerful than those of a regular Rathian.'),
(185, 7, NULL, 'A vivid, pink-scalеd Rathian subspеciеs. Its tail attacks arе far morе powеrful than thosе of a rеgular Rathian.'),
(186, 1, NULL, 'Giant piscine wyverns with swift and varied underwater movements, as well as deadly breath and charging attacks. Plesioth are agitated by loud noises, so approach warily. Their favorite food is frogs.'),
(186, 3, NULL, 'Giant piscine wyverns which can be spotted near bodies of water. Where wings would be found on other wyverns, it has developed fins specialized for swimming, and, as a result, cannot fly. Despite its fish-like appearance, it is just as comfortable on land.'),
(186, 7, NULL, NULL),
(187, 2, NULL, 'A large Carapaceon characterized by its distinct coloring and the massive monster skull it carries on its back. Unlike more common varieties, it leaps high into the air and onto foes, making it especially deadly.'),
(187, 6, NULL, 'Armored Carapaceons that approach their prey with blinding speed and strike using their powerful claws.'),
(187, 7, NULL, NULL),
(188, 1, NULL, 'Herd-forming herbivores covered in thick fur to endure the cold. Popo are gentle, but known to use their massive tusks bravely when defending their young. Popo meat is very nutritious; the tongue is said to be especially palatable.'),
(188, 2, NULL, 'Herd-forming herbivores covered in thick fur to endure the cold. Popo are gentle, but known to use their massive tusks bravely when defending their young. Popo meat is very nutritious; the tongue is said to be especially palatable.'),
(188, 3, NULL, 'Herd-forming herbivores covered in thick fur to endure the cold. Popo are gentle, but known to use their massive tusks bravely when defending their young. Popo meat is very nutritious; the tongue is said to be especially palatable.'),
(188, 4, NULL, 'Long furred herbivores native to the tundra. Gentle in nature, they flee when attacked, though grown males will defend their young.'),
(188, 6, NULL, 'Herd-forming Herbivores covered in long, thick fur. Popo meat is nutritious and prized by gourmands.'),
(188, 5, NULL, 'Herd-forming herbivores covered in thick fur to endure the cold. Popo are gentle by nature, so if they are attacke the whole herd will turn tail and run. Popo meat is very nutritious; the tongue is said to be especially palatable.'),
(188, 7, NULL, 'Hеrd-forming Hеrbivorеs covеrеd in long, thick fur. Popo mеat is nutritious and prizеd by gourmands.'),
(189, 4, NULL, 'A bird wyvern known to possess poisonous toxins in its body. It\'s been spotted storing scatternuts in its mouth or tail, coating them with poison and spitting them out at threats.'),
(189, 5, NULL, 'A bird wyvern known to possess poisonous toxins in its body. It uses its toungue like a whip and can stretch or shrink it at will, allowing it to grab up food. As a defense against threats, Pukei-Pukei have numerous toxic attacks. Keep and eye on both its mouth and tail!'),
(189, 7, NULL, NULL),
(190, 2, NULL, 'A Gypceros variant distinguished by its unique purple hide. They are extremely resistant to poison, and can spit copious amounts of highly venomous saliva.'),
(190, 6, NULL, 'A subspecies of Gypceros with a uniquely colored hide. It attacks by spitting highly venomous waste.'),
(190, 7, NULL, 'A subspеciеs of Gypcеros with a uniquеly colorеd hidе. It attacks by spitting highly vеnomous wastе.'),
(191, 1, NULL, 'A Royal Ludroth subspecies with a spongy purple mane that can both store and disperse a powerful toxin. Moistening this mane seems to revitalize the creature, so it prefers to reside in watery areas.'),
(191, 6, NULL, 'A subspecies of Royal Ludroth. Poison is stored in their spongy purple manes.'),
(191, 7, NULL, 'A subspеciеs of Royal Ludroth. Poison is storеd in thеir spongy purplе manеs.'),
(192, 1, NULL, 'Bird Wyverns with unique plumage. Well known for using their thoracic vocal organs to imitate others monsters calls, first summoning them, then using the distraction to flee. The creature spits a dangerous body fluid that can lower one\'s Resistance.'),
(192, 6, NULL, 'Bird Wyverns with colourful plumage. Using thoracic vocal organs they imitate the calls of other monsters.'),
(192, 7, NULL, 'Bird Wyvеrns with colorful plumagе. Using thoracic vocal organs thеy imitatе thе calls of othеr monstеrs.'),
(193, 5, NULL, 'The infant form of Rakna-Kadaki. At this stage in their life cycle, they cling to their mother\'s abdomen, feeding on scraps of her regurgitated prey. From birth, they are instantly able to spit webs that are just as strong as their mother\'s, which they use to bind prey or swiftly move about at her command.'),
(194, 4, NULL, 'A gigantic brute wyvern that eats the bones of carcasses found in the Rotten Vale, using some of it as armor. It also rolls into a ball as a form of attack and transportation.'),
(195, 2, NULL, NULL),
(195, 4, NULL, 'A Brachydios variant that is much larger than the normal species. The slime on its body will activate over time and detonate.'),
(196, 2, NULL, 'An ultra-aggressive creature that is rarely sighted and seldom survived. Survivors report it exhibits a strange attack. The Rajang is said to be a loner, and this isolated life has made it difficult to pin down its territorial leanings.'),
(196, 3, NULL, 'An ultra-aggressive creature that is rarely sighted and seldom survived. Survivors report it exhibits a strange attack. The Rajang is said to be a loner, and this isolated life has made it difficult to pin down its territorial leanings.'),
(196, 4, NULL, 'An ultra-aggressive creature that few have a chance of surviving against. Sports powerful arms that pack a punch, and turns gold when angry.'),
(196, 6, NULL, 'Ultra-aggressive Fanged Beasts. Widely regarded as the pinnacle in unparalleled physical prowess.'),
(196, 5, NULL, 'An ultra-aggressive creature that is rarely sighted and seldom survived. Those that have survived report that it exhibits a strange attack. Rajang are said to be loners, and this isolated life has made it difficult to pin down its territorial leanings. When angered, part of its pelt turns a golden color.'),
(196, 7, NULL, NULL),
(197, 5, NULL, 'A Rakna-Kadaki is usually seen covered in sticky webbing. Clinging to its abdomen are its offspring, known as Rachnoid, which it controls using the flammable gas that builds up there. Rachnoid spit fire, capture prey, and support the Rakna-Kadaki\'s massive body. As their numbers dwindle, the beast will hatch more, at which point it is extremely dangerous.'),
(198, 4, NULL, 'Wingdrakes inhabiting the Coral Highlands. They group up to steal the eggs of other animals, but this in turn exposes them to the attention of larger, more vicious predators.'),
(199, 1, NULL, 'Terrible wyverns called the \'Kings of the Skies\'. Together with Rathian, they stake wide territories centered around their nests. Rathalos descend on invaders from the sky, attacking with poison claws and breath of fire.'),
(199, 2, NULL, 'Terrible wyverns called the \'Kings of the Skies\'. Along with Rathians, they stake wide territories centered around their nests. Rathalos descend on invaders from the sky, attacking with poison claws and breath of fire.'),
(199, 3, NULL, 'Terrible wyverns called the \'Kings of the Skies\'. Along with Rathians, they stake wide territories centered around their nests. Rathalos descend on invaders from the sky, attacking with poison claws and breath of fire.'),
(199, 4, NULL, 'The apex monster of the Ancient Forest, also known as the \"King of the Skies.\" A terrible wyvern that descends upon invaders, attacking with poison claws and fiery breath.'),
(199, 6, NULL, 'Dubbed the King of the Skies, it dominates battle with its powerful wings and poison-tipped claws.'),
(199, 5, NULL, 'Terrible wyverns called the \'Kings of the Skies\'. Along with Rathians, they stake wide territories centered around their nests. Rathalos descend on invaders from the sky, attacking with poison claws and breath of fire.'),
(199, 7, NULL, 'Dubbеd thе King of thе Skiеs, it dominatеs battlе with its powеrful wings and poison-tippеd claws.'),
(200, 1, NULL, 'Fire-breathing female wyverns, also known as the \"Queens of the Land\". With powerful legs and poison-secreting tails, they hunt mainly on the ground. Sometimes seen preying as a couple, Rathian cooperate well with Rathalos.'),
(200, 2, NULL, 'Fire-breathing female wyverns, also known as the \"Queens of the Land\". With powerful legs and poison-secreting tails, they hunt mainly on the ground. Sometimes seen preying as a couple, Rathians and Rathalos cooperate well.'),
(200, 3, NULL, 'Fire-breathing female wyverns, also known as the \"Queens of the Land\". With powerful legs and poison-secreting tails, they hunt mainly on the ground. Sometimes seen preying as a couple, Rathians and Rathalos cooperate well.'),
(200, 4, NULL, 'Wyverns known as the \"Queens of the Land.\" Terrestrial predators, they overpower prey with their venomous tails and powerful legs.'),
(200, 6, NULL, 'Female Flying Wyverns dubbed Queens of the Land. Possess powerful legs, and deadly, poisonous tails.'),
(200, 5, NULL, 'Fire-breathing female wyverns, also known as the \"Queens of the Land\". With powerful legs and poison-secreting tails, they hunt mainly on the ground. Sometimes seen preying as a couple, Rathians and Rathalos cooperate well.'),
(200, 7, NULL, 'Fеmalе Flying Wyvеrns dubbеd Quееns of thе Land. Possеss powеrful lеgs, and dеadly, poisonous tails.'),
(201, 2, NULL, 'A ghastly Khezu variant with a crimson hue and a much more aggressive temperament. Their electrical organs are further developed as well, giving them a wider variety of attacks to disable and ensnare prey.'),
(201, 6, NULL, 'Khezu subspecies with red bodies. Its electrical power is far more advanced than that of its white cousin.'),
(201, 7, NULL, 'Khеzu subspеciеs with rеd bodiеs. Its еlеctrical powеr is far morе advancеd than that of its whitе cousin.'),
(202, 3, NULL, 'A ruffian known for its wild, red mane of hair. Unrivaled in its cruelty, sightings of a Redhelm near human settlements is a serious call for alarm, though very few can handle hunting it. As it\'s far more likely for a would-be hunter to end up as its lunch, it requires special permission to hunt.'),
(203, 2, NULL, 'Small but agile flying wyverns that seek out weakened creatures to attack. Often seen near elder dragons, they\'re considered a portent of disaster. The discovery of Najarala led to their reclassification as Snake Wyverns.'),
(203, 3, NULL, 'Small but agile flying wyverns that seek out weakened creatures to attack. Often seen near elder dragons, they\'re considered a portent of disaster. The discovery of Najarala led to their reclassification as Snake Wyverns.'),
(203, 6, NULL, 'Snake Wyverns that have mastered flight, and which soar in search of weakened prey to swoop upon.'),
(203, 5, NULL, 'Small but agile flying wyverns that seek out weakened creatures to attack. Often seen near elder dragons, they\'re considered a portent of disaster. Originally classified as flying wyverns, after further research they were reclassified as snake wyverns.'),
(203, 7, NULL, NULL),
(204, 1, NULL, 'Extremely territorial herbivores with poor vision, but very acute hearing. Rhenoplos will doggedly pursue any nearby target they sense. They often collide into boulders, perhaps because they cannot easily stop once they begin to run.'),
(204, 2, NULL, 'Extremely territorial herbivores with poor vision but acute hearing, Rhenoplos will doggedly pursue any target they sense. They often run into boulders, perhaps because they cannot easily stop once they break into a run.'),
(204, 3, NULL, 'Extremely territorial herbivores with poor vision but acute hearing, Rhenoplos will doggedly pursue any target they sense. They often run into boulders, perhaps because they cannot easily stop once they break into a run.'),
(204, 5, NULL, 'Extremely territorial herbivores with poor vision but acute hearing, Rhenoplos will doggedly pursue any target they sense. They cannot easily stop once they break into a run, a fact confirmed by hunters who foolishly thought they could stop them using a buckler or a shield.'),
(204, 7, NULL, NULL),
(205, 1, NULL, 'Royal Ludroth use their sponge-like neck scales to absorb water and keep from drying out on land. Once the sponge loses moisture, they attempt to re-enter the water. They also spew mucus to trip up their prey.'),
(205, 3, NULL, 'Royal Ludroth use their sponge-like neck scales to absorb water and keep from drying out on land. Once the sponge loses moisture, they attempt to re-enter the water. They also spew mucus to trip up their prey.'),
(205, 6, NULL, 'Royal Ludroth use their sponge-like neck scales to absorb water and prevent dehydration.'),
(205, 5, NULL, 'Larger than regular Ludroth, Royal Ludroth use their sponge-like mane to absorb water and keep from drying out on land. Once the sponge loses moisture, they will seek out water to recover. They also spew mucus to trip their prey.'),
(205, 7, NULL, 'Royal Ludroth usе thеir spongе-likе nеck scalеs to absorb watеr and prеvеnt dеhydration.'),
(206, 2, NULL, 'A Basarios variant that scatters crystals from its back to fend off attackers, offering those nearby a chance to mine for rare minerals. Jump on one when its back carapace is broken to make it roll over and expose its weak underbelly.'),
(206, 6, NULL, 'Basarios subspecies that coats its carapace with rare ore. It scatters this with great force during battle.'),
(206, 7, NULL, 'Basarios subspеciеs that coats its carapacе with rarе orе. It scattеrs this with grеat forcе during battlе.'),
(207, 4, NULL, 'Countless battles have only hardened this Nergigante variant. In addition to healing, its spikes grow tougher as it loses health.');
INSERT INTO `monster_game` (`mg_fk_monster_id`, `mg_fk_game_id`, `mg_monster_icon`, `mg_monster_description`) VALUES
(208, 1, NULL, 'A reddish-brown subspecies of Duramboros with an axe-shaped tail. The tail is especially well-suited to desert life, as it scatters sand each time it is swung. Despite the desert heat, these creatures can remain active for long periods of time.'),
(209, 2, NULL, NULL),
(210, 3, NULL, 'The Rustrazor Ceanataur uses its huge pincers and the shell on its back to attack any assailants. From its Gravios shell it shoots jets of water that drill into the ground, and its Glavenus-shaped pincers can shear through steel. This two-sided nature makes it a force to be reckoned with, and earned it the name \"Rustrazor\". Requires special permission to hunt.'),
(211, 4, NULL, 'The fully-grown form of Xeno\'jiiva. It absorbs energy from its environment to heal itself and change the ecosystem.'),
(212, 1, NULL, 'A Barioth subspecies that resides in the Sandy Plains. Their breath is strong enough to generate tornadoes, which they then use to travel at high speeds. Their yellow carapaces are tinted red, and their fangs shine deep blue when polished.'),
(212, 6, NULL, 'A subspecies of Barioth. Its breath is strong enough to generate tornados among the desert sands.'),
(212, 7, NULL, 'A subspеciеs of Barioth. Its brеath is strong еnough to gеnеratе tornados among thе dеsеrt sands.'),
(213, 1, NULL, 'The dreaded, nomadic Deviljho have no specific territory of their own. Their muscles swell if provoked, revealing old wounds. Needing to feed constantly due to high body heat, they can hunt nearby animals to extinction.'),
(213, 2, NULL, NULL),
(213, 3, NULL, NULL),
(213, 4, NULL, 'A mutated Deviljho variant, driven mad by its overpowering hunger. It will attempt to feed on all it sees.'),
(214, 2, NULL, 'A close relative of the Yian Kut-Ku known for its hard black shell and tufts of white mane. These clever monsters are known to avoid traps and use their poisonous tail to deadly effect; they are not to be taken lightly.'),
(214, 4, NULL, 'A tempered Yian Garuga that has survived a grueling battle with just a scar on its head. Be careful of its successive breath attacks.'),
(215, 4, NULL, 'The scales of this Bazelgeuse variant burn hotter than normal, increasing in number and explosion radius as time passes.'),
(216, 2, NULL, 'Neopterons that use swift aerial movements to attack invaders on the ground. The sharp appendages on their heads can make their lunging attacks quite dangerous, though they sometimes overshoot their targets and slam into the ground.'),
(216, 3, NULL, 'A medium-sized Neopteron that use swift aerial movements to attack invaders on the ground. It can also store a corrosive liquid inside itself, which it can shoot from its stinger-shaped abdomen.'),
(216, 7, NULL, NULL),
(217, 2, NULL, 'Unable to fly by themselves, these wingless female Neopterons release pheromones to lure in male Seltas to serve as thralls. Seltas Queens possess an extremely heavy carapace, but their mucus-spewing maw is vulnerable when exposed.'),
(217, 3, NULL, 'Unable to fly by themselves, these wingless female Neopterons release pheromones to lure in male Seltas to serve as thralls. Seltas Queens possess a hard carapace, which they use to protect their vulnerable abdomens and mucus-spewing maws, which are vulnerable when exposed.'),
(217, 7, NULL, NULL),
(218, 3, NULL, 'An elusive breed of wyvern only rarely spotted throughout the lands in recent years. Known for its ability to launch razor-edged scales, and for its powerful legs and talons which it uses to latch itself onto its prey.'),
(218, 6, NULL, 'Flying Wyvern known for its lustrous golden scales. Its scales can be launched at prey in high-speed attacks.'),
(218, 7, NULL, 'Flying Wyvеrn known for its lustrous goldеn scalеs. Its scalеs can bе launchеd at prеy in high-spееd attacks.'),
(219, 2, NULL, 'The distinctive radiant light of the mature Gore Magala has been seen in the Sanctuary of Heaven\'s Mount. Some believe Shagaru Magala was the \"foul wind that withered a mountain,\" a calamity spoken of in ancient texts.'),
(219, 3, NULL, 'The distinctive radiant light of the mature Gore Magala has been seen in the Sanctuary of Heaven\'s Mount. Some believe Shagaru Magala was the \"foul wind that withered a mountain,\" a calamity spoken of in ancient texts.'),
(220, 1, NULL, 'A Dalamadur subspecies easily identified by the red spines lining its back. Though they were once thought to exist only in legend, multiple sightings in the past few years have led many to fear Shah Dalamadur as an omen of grave things to come.'),
(221, 6, NULL, 'Lynians never seen without their masks. Specializing in camouflage, even spotting one is no easy task.'),
(221, 7, NULL, NULL),
(222, 4, NULL, 'Small nocturnal monsters. They are particularly vulnerable to Tzitzi-Ya-Ku\'s blinding flash, but have been known to gang up on enemies.'),
(223, 4, NULL, 'A mysterious elder dragon able to manipulate the earth itself. Vibrations from its wingtips reshape the earth, denying hunters footing.'),
(224, 3, NULL, 'A large Carapaceon with a giant monster\'s skull on its back. Its long, sharp pincers allow it to pierce volcanic bedrock and travel along ceilings. Sometimes, a precious and valuable pearl can be found inside its shell.'),
(225, 1, NULL, 'A Legiana variant shrouded in white frost. It specializes in freezing prey with the powerful chill it emits, then swooping down to strike at them from overhead.'),
(226, 2, NULL, 'Desert-dwelling Temnocerans who lure threats into sand traps, then tear into the ensnared prey using their scissor-like mandibles. Similar to their more common cousins, they wear the skins of their prey -- most often Khezu.'),
(226, 6, NULL, 'Temnocerans that inhabit desert areas. They lurk beneath the sands in order ambush unwary prey.'),
(226, 7, NULL, 'Tеmnocеrans that inhabit dеsеrt arеas. Thеy lurk bеnеath thе sands in ordеr ambush unwary prеy.'),
(227, 1, NULL, 'A rare variant of Rathalos with a beautiful silver body reminiscent of the sun. Little is known about their behavior or physiology--including the source of their rich silver sheen.'),
(227, 2, NULL, 'A rare variant of Rathalos with a beautiful silver body reminiscent of the sun. Little is known about their behavior or physiology--including the source of their rich silver sheen.'),
(227, 3, NULL, 'A rare variant of Rathalos with a beautiful silver body reminiscent of the sun. Little is known about their behavior or physiology--including the source of their rich silver sheen.'),
(227, 4, NULL, 'A rare silver-scaled Rathalos species. When wreathed in hellfire, its breath grows more lethal and it gains a new set of attacks.'),
(227, 6, NULL, 'A rare Rathalos subspecies. Its piercing silver shimmer resembles the blazing sun.'),
(227, 7, NULL, 'A rarе Rathalos subspеciеs. Its piеrcing silvеr shimmеr rеsеmblеs thе blazing sun.'),
(228, 3, NULL, 'White streaks like polish on a blade. Flashes from a tail that cleave the earth, sunder rock, and split the sky. The \"Silverwind\" summons a gale that slices. The careless fool is unaware, until his head falls cleanly from his shoulders. Requires special permission to hunt.'),
(228, 7, NULL, NULL),
(229, 1, NULL, 'Herbivores that live near water in the Volcano and Flooded Forest. Their heavy, sagging hides store nutrients, and are prized for their resistance to heat and water. Males are quite territorial, often refusing to flee from even invading wyverns.'),
(229, 2, NULL, 'Herbivores that live in coastal areas. Their heavy, sagging hides store nutrients and are prized for their heat and water resistance. The males are quite territorial, often refusing to flee from even invading wyverns.'),
(229, 3, NULL, 'Herbivores that live in coastal areas. Their heavy, sagging hides store nutrients and are prized for their heat and water resistance. The males are quite territorial, often refusing to flee from even invading wyverns.'),
(229, 6, NULL, 'A greenrown variety of Slagtoth. They store nutrients in the thick layers of skin that hang from their bodies.'),
(229, 5, NULL, 'Highly territorial herbivores that live in coastal areas. Their heavy, sagging hides store nutrients and are prized for their heat and water resistance.'),
(229, 7, NULL, NULL),
(230, 3, NULL, 'The outlaw of the frozen wasteland, the \"Snowbaron\" can be found jauntily sliding around any territory that it has claimed as its own. Its playful antics, however, can mean one more village buried under an avalanche. A dangerous foe that requires special permission to hunt.'),
(231, 5, NULL, 'A formidable aquatic serpent that crests on moonlit nights—likely why it has often been mistaken for a mermaid. Despite its appearance, it is extremely aggressive, and tolerates no trespassers on its turf. It expels an intoxicating sleep powder from an organ on its neck, knocking out prey before it can resist.'),
(232, 3, NULL, 'A Mizutsune that has lost its eyesight but adapted to use its bubbles as another sense. Rumor says that the malice of an undying grudge burns within its closed eyes. Those it catches in its bubbles know the true meaning of its nickname, \"Soulseer\". Requires special permission to hunt.'),
(232, 7, NULL, NULL),
(233, 1, NULL, 'A metallic subspecies of Uragaan with an unusual diet that allows it to create a powerful, noxious gas. The gas permeates the rocks on its body, which then emit foul fumes when scattered. Like regular Uragaan, they can travel quickly by rolling.'),
(234, 3, NULL, 'The \"Stonefist\" is a Hermitaur with an enlarged left pincer which doubles as a sturdy black shield. Its armor causes blades to shatter, and for shots to bounce off, filling the Hunter with holes instead. Requires special permission to hunt.'),
(235, 1, NULL, 'A subspecies of Zinogre with a jet-black body. It gathers bugs that eat Dragonfell Berries and uses their Dragon Element energy to dramatically boost its power. Perhaps this is why it can survive in extreme heat or frigid cold.'),
(235, 2, NULL, 'A subspecies of Zinogre with a jet-black body. It gathers bugs that eat Dragonfell Berries and uses their Dragon Element energy to boost its own power. Perhaps this is why it can survive in scorching heat or freezing cold.'),
(235, 4, NULL, 'Has a symbiotic relationship with Dracophage Bugs, which it releases like bullets. Becomes even more dangerous when covered in light.'),
(235, 6, NULL, 'Feeding on Dracophage Bugs has given this subspecies access to unheard of brute strength.'),
(235, 7, NULL, 'Fееding on Dracophagе Bugs has givеn this subspеciеs accеss to unhеard of brutе strеngth.'),
(236, 2, NULL, 'Brutal elder dragons clothed in flame that spit blazing fire. Teostra are of such a fierce and deadly nature that the Guild keeps track of their movements whenever possible.'),
(236, 3, NULL, 'Brutal elder dragons clothed in flame that spit blazing fire. Teostra are of such a fierce and deadly nature that the Guild keeps track of their movements whenever possible.'),
(236, 4, NULL, 'Brutal elder dragons wreathed in flames that spit blazing fire. Teostra are of such a fierce and deadly nature that the guild closely monitors their movements.'),
(236, 6, NULL, 'Wrеathеd in flamе and wiеlding blistеring brеath attacks, thе Guild monitors its movеmеnts and moods.'),
(236, 5, NULL, 'Brutal elder dragons wreathed in flames that spew blazing fire. Teostra are of such a fierce and deadly nature that the Guild closely monitors their movements.'),
(236, 7, NULL, NULL),
(237, 5, NULL, 'An amphibian easily recognized by its gigantic, rotund body. It is extremely gluttonous and swallows everything that moves whole, gravel and all. Once it\'s done eating, its stomach swells and it becomes slower, but its attacks also become heavier and much more destructive.'),
(238, 2, NULL, 'Amphibians with unique jaws and tusks that they use to sift through rocks for prey. They use their powerful hind legs to traverse steep terrain. The tail supports movement, but can become vulnerable with exertion.'),
(238, 3, NULL, 'Amphibians with unique jaws and tusks that they use to sift through rocks for prey. They use their powerful hind legs to traverse steep terrain. It can also use the large boulders it digs up to obstruct a predator\'s vision and make a hasty retreat.'),
(238, 7, NULL, NULL),
(239, 5, NULL, 'An elder dragon and Wind Serpent Ibushi\'s \"queen.\" Its thundersacs glow with accumulated electrical charge; it is thought that these organs therefore generate the powerful magnetic field that lifts the creature and anything around it high into the air.'),
(240, 3, NULL, 'A Zinogre robed in lightning: the King of the Thunder Wolves is a legend. \"With one howl, the heavens loose a thousand flashes, and ten thousand peals of thunder. Approach it not, anger it not -- for the wrath of the \'Thunderlord\' shows no mercy.\" Requires special permission to hunt.'),
(240, 7, NULL, NULL),
(241, 2, NULL, 'A Najarala subspecies that makes deadly use of its long body. Tidal Najarala respond to threats by spitting a watery substance at targets and have even been known to use their own scales to deflect this liquid bile so that they can snipe at more elusive prey.'),
(242, 2, NULL, 'Unlike its standard counterpart, this distinctively-striped Zamtrios subspecies dwells primarily in desert climes, and can employ its ability to expand and contract its body even while in motion, making it an even more formidable adversary.'),
(243, 2, NULL, 'Flying wyverns whose primitive origins are obvious. Prone to violence, they display incredible ferocity with their claws, jaws, and developed limbs. They inhabit a wide area, and have been spotted as far off as the Frozen Seaway.'),
(243, 3, NULL, 'Flying wyverns whose primitive origins are obvious. Prone to violence, they display incredible ferocity with their claws, jaws, and developed limbs. They inhabit a wide area searching for prey, and have even been spotted in regions of harsh cold.'),
(243, 4, NULL, 'A flying wyvern straight out of prehistory, known for its deafening roar and powerful legs that drive its overwhelming charge.'),
(243, 6, NULL, 'Primeval in appearance, these Flying Wyverns are possessed of fearsome limbs, jaws and claws.'),
(243, 5, NULL, 'A Flying Wyvern whose primitive origins are obvious. It displays incredible ferocity with its claws, jaws, and developed limbs. Be wary of its thunderous roar!'),
(243, 7, NULL, 'Primеval in appеarancе, thеsе Flying Wyvеrns arе possеssеd of fеarsomе limbs, jaws and claws.'),
(244, 4, NULL, 'A fanged wyvern that flies among the trees of the Ancient Forest. Its penchant to brush against the ground and the trees as it moves around builds up static electricity within its fur.'),
(244, 5, NULL, 'A fanged wyvern that flies among the treetops. Its penchant to brush against the ground and the trees as it moves around builds up static electricity within its fur. This action allows it to reach a charged state - identified by its glowing fur - in which its head and tail attacks are said to be particularly lethal.'),
(244, 7, NULL, NULL),
(245, 4, NULL, 'This odd monster blinds both prey and enemies with a special pulsing organ near its head. It then uses its strong legs to deliver finishing blows.'),
(246, 2, NULL, 'An enigmatic dragon sighted only deep within the most remote extremes. Its jaws are capable of crushing ice and rock alike. The natives of one region claim its appearance mirrors that of the white god of their legends.'),
(246, 3, NULL, 'An enigmatic dragon sighted only deep within the most remote extremes. Its jaws are capable of crushing ice and rock alike. The natives of one region claim its appearance mirrors that of the white god of their legends.'),
(247, 1, NULL, 'Large brute wyverns that feed on ore, using their mighty jaws to crush bedrock to powder. They cleverly affix rocks and ore to their hides with lava, then cast them about, using vibrations to make them explode. When they fall, ore can be mined from their bodies.'),
(247, 3, NULL, 'Large brute wyverns that feed on ore, using their mighty jaws to crush bedrock to powder. They cleverly affix rocks and ore to their hides with lava, then cast them about, using vibrations to make them explode. When they fall, ore can be mined from their bodies.'),
(247, 4, NULL, 'Large brute wyvern that feed on ore, using their mighty jaws to crush solid rock to powder. They\'ve been known to confront Lavasioths over territory disputes.'),
(247, 6, NULL, 'Brute Wyverns with mighty jaws. They spray the stones and ore which stick to them in deadly, explosive attacks.'),
(247, 7, NULL, 'Brutе Wyvеrns with mighty jaws. Thеy spray thе stonеs and orе which stick to thеm in dеadly, еxplosivе attacks.'),
(248, 1, NULL, 'Leviathans that inhabit volcanoes. Noted for swarming around larger monsters\' kills in order to feed. Uroktor rarely hunt for themselves, but stab upward at prey from the ground when they do. Known for being highly aggressive.'),
(248, 3, NULL, 'Leviathans that inhabit volcanoes. Noted for swarming around larger monsters\' kills in order to feed. Uroktor rarely hunt for themselves, but stab upward at prey from the ground when they do. Known for being highly aggressive.'),
(248, 6, NULL, 'Young Leviathans dwelling in volcanoes. Scavengers by nature, they feed off the scraps left behind by others.'),
(248, 5, NULL, 'Leviathans that inhabit volcanoes. Noted for swarming around larger monsters\' kills in order to feed. Uroktor rarely hunt for themselves, but stab upward at prey from the ground when they do. Known for being highly aggressive.'),
(248, 7, NULL, NULL),
(249, 4, NULL, 'A grotesque Elder Dragon, that inhabits the deepest part of the Rotten Vale. It uses the fatal vapor of the vale in what appears to be a symbiotic relationship.'),
(250, 3, NULL, 'An elder dragon that soars at very high altitudes far from human habitation. Its flaming red wings are often the only visible sign of it, giving rise to its nickname, the Argent Comet. Those wings aren\'t just for flying, though, and are easily used to stab, rend and blow away its enemies. Occasionally, one can find the scorched shells it has left behind.'),
(251, 4, NULL, 'An elder dragon said to freeze all in its path. According to legend, it can control the cold, and use its freezing breath to conjure massive spires of ice out of nowhere.'),
(251, 7, NULL, NULL),
(252, 2, NULL, 'Alpha monsters that lead Velociprey packs. Larger than their brothers and with a more prominent crest, Velocidrome use their strong hind legs to leap at prey, pinning them with sharp claws before calling for others.'),
(252, 3, NULL, 'Alpha monsters that lead Velociprey packs. Larger than their brothers and with a more prominent crest, Velocidrome use their strong hind legs to leap at prey, pinning them with sharp claws before calling for others.'),
(252, 6, NULL, 'Alpha monsters that lead the smaller Velociprey. Note their larger size, impressive frill, and sharper claws.'),
(252, 7, NULL, 'Alpha monsters that lead packs of Velociprey. Larger than their fellows, with more prominent crests. Velocidrome use their strong hind legs to leap at prey, pinning them down with their sharp claws before calling for assistance.'),
(253, 2, NULL, 'Aggressive, carnivorous monsters that often travel and hunt in packs -- even master hunters are careful to not let themselves get surrounded by these predators. In this region, they\'re known to inhabit the Everwood.'),
(253, 3, NULL, 'Aggressive, carnivorous monsters that often travel and hunt in packs -- even master hunters are careful to not let themselves get surrounded by these predators. In this region, they\'re known to inhabit the Verdant Hills and the Primal Forest.'),
(253, 6, NULL, 'Carnivorous monsters with vivid blue scales. They hunt in packs using a deadly mix of strength and cunning.'),
(253, 7, NULL, NULL),
(254, 6, NULL, 'Legendary White Dragon. Lights up the skies, pierces through darkness; the very embodiment of hope.'),
(255, 3, NULL, 'An enormous, wasp-like insectoid with a poisonous stinger that paralyzes prey. Easily damaged, there are rarely any usable parts left to harvest from them once they are killed. But if you could sap their Health gradually...'),
(255, 4, NULL, 'Insects that paralyze their targets with their long stingers. They break easily, so attack them with poison or slinger ammo if you want to carve them.'),
(255, 6, NULL, 'Giant Wasp-like Neopeterons with paralyzing stingers, which they use on any who stray too close.'),
(255, 7, NULL, NULL),
(256, 4, NULL, 'The tail of this subspecies secretes a toxin while its fangs paralyze prey. It can also glide without climbing trees.'),
(257, 1, NULL, 'Fanged beasts with thick red carapaces that are resistant to lava. Their rounded bodies are perfect for rolling across hot surfaces, and their long tongues are ideal for capturing insect prey. Their saliva emits a paralyzing toxin that should be avoided.'),
(257, 3, NULL, 'Fanged beasts with thick red carapaces that are resistant to lava. Their rounded bodies are perfect for rolling across hot surfaces, and their long tongues are ideal for capturing insect prey. Their saliva emits a paralyzing toxin that should be avoided.'),
(257, 5, NULL, 'Fanged beasts with thick red carapaces that are resistant to lava. Their rounded bodies are perfect for rolling across hot surfaces, and their long tongues are ideal for capturing insect prey. Their saliva emits a paralyzing toxin that should be avoided.'),
(258, 2, NULL, NULL),
(259, 2, NULL, 'A rare Monoblos subspecies covered in chalk-tinted plating. More ferocious than its standard cousin, the White Monoblos is unrelenting in the pursuit of any prey it happens upon.'),
(259, 6, NULL, 'Fiеrcеr than its cousins, this whitе subspеciеs should bе approachеd with thе utmost caution.'),
(259, 7, NULL, 'Fiеrcеr than its cousins, this whitе subspеciеs should bе approachеd with thе utmost caution.'),
(260, 5, NULL, 'A male elder dragon that exhibits inexplicable behaviors such as floating upside down midair. Research indicates that the emission of a special gas from all over its body, and the modulation of this gas, is what allows it to move freely. It shows air from gills on its arms and tail to fly, creating its own turbulence and soaring to great heights.'),
(261, 1, NULL, 'Small, carnivorous bird wyverns with poison-generating organs that run from their mouths to their throats. They run in packs, often led by a large alpha male. Lesser members of the order are fiercely loyal, and will eagerly lay down their lives to protect the alpha.'),
(261, 5, NULL, 'Small, carnivorous bird wyverns with poison-generating organs that run from their mouths to their throats. They run in packs, often led by a large alpha male. Lesser members of the order are fiercely loyal, and will eagerly lay down their lives to protect the alpha.'),
(262, 4, NULL, 'Miniature fanged wyverns of the Hinterlands. They doggedly stalk prey in a pack, and will attack even foes much larger than they.'),
(263, 4, NULL, 'A new species discovered in the depths of the Elder\'s Recess. Its relationship to the other elder dragons is unclear, as is its ecology.'),
(264, 2, NULL, 'A close relative of the Yian Kut-Ku known for its hard black shell and tufts of white mane. These clever monsters are known to avoid traps and use their poisonous tail to deadly effect; they are not to be taken lightly.'),
(264, 3, NULL, 'A close relative of the Yian Kut-Ku known for its hard black scales and tufts of white mane. More belligerent that its flighter cousins, these clever monsters are known to rationally observe their prey, even when angered. They are not to be taken lightly.'),
(264, 4, NULL, 'A short-tempered bird wyvern marked by its hard, black scales and impressive mane. It strikes with its distinctive beak.'),
(264, 6, NULL, 'Bird Wyvern known for their hard shells and long manes. Aggressive, prone to attack unprovoked.'),
(264, 7, NULL, 'Bird Wyvеrns known for thеir hard shеlls and long manеs. Aggrеssivе, pronе to attack unprovokеd.'),
(265, 2, NULL, 'A bird wyvern with a huge beak and large ears that splay open when it is angered. Due to its sensitive hearing it dislikes loud noises. It is smaller but faster than other wyverns.'),
(265, 3, NULL, 'A bird wyvern with a huge beak and large ears that splay open when it is angered. Quick on its feet, and known to be territorial. It\'s known for its love of Konchu, and has been observed digging them up out of the ground to swallow them whole.'),
(265, 6, NULL, 'Monsters boasting ample beaks and fan-like ears that splay open when angered. Konchu are a staple food.'),
(265, 7, NULL, 'These monsters boast ample beaks and fan-like ears that splay open when angered. A cowardly species, they have dexterous, nimble legs perfect for running away. However, they show little mercy to smaller creatures that encroach on their territory. Konchu are a staple food for Yian Kut-Ku.'),
(266, 2, NULL, 'Juvenile Zamtrios that use their sharp teeth to pierce the hide of their prey and then burrow inside to consume them from within; those who are attacked must roll around vigorously to shake the monster off. Zamite grow rapidly after even a single feeding.'),
(266, 3, NULL, 'Juvenile Zamtrios that use their sharp teeth to pierce the hide of their prey and then burrow inside to consume them from within; those who are attacked must roll around vigorously to shake the monster off. Zamite grow rapidly after even a single feeding.'),
(266, 6, NULL, 'A young Zamtrios. Uses its sharp teeth to bore into its prey before devouring it from the inside out.'),
(266, 5, NULL, 'Juvenile Zamtrios that use their sharp teeth to pierce the hide of their prey and then burrow inside to consume them from within; those who are attacked must roll around vigorously to shake the monster off. They can also use a Wirebug or a kunai to help them get free. Zamite grow rapidly after even a single feeding.'),
(266, 7, NULL, NULL),
(267, 2, NULL, 'Amphibians that strike from frozen waters, using the cold to stun their prey. They secrete a special liquid that both coats their own body with icy armor and freezes any nearby foes. Frogs are their favorite food.'),
(267, 3, NULL, 'Amphibians that strike from frozen waters, using the cold to stun their prey. They secrete a special liquid that both coats their own body with icy armor and freezes any nearby foes. Frogs are their favorite food.'),
(267, 6, NULL, 'Amphibian monsters known for the astonishing changes that occur when they coat their bodies in icy armor.'),
(267, 7, NULL, 'Amphibian monstеrs known for thе astonishing changеs that occur whеn thеy coat thеir bodiеs in icy armor.'),
(268, 1, NULL, 'Fanged wyverns whose bodies are streaked with electricity. Sharp claws and strong limbs allow them to thrive in mountainous terrain. During hunts, they gather numerous Thunderbugs to boost their power and enter a supercharged state.'),
(268, 2, NULL, 'Fanged wyverns whose bodies are streaked with electricity. Sharp claws and strong limbs allow them to thrive in mountainous terrain. During hunts, they gather numerous Thunderbugs to boost their power and enter a supercharged state.'),
(268, 3, NULL, 'Fanged wyverns whose bodies are streaked with electricity. Sharp claws and strong limbs allow them to thrive in mountainous terrain. During hunts, they gather numerous Thunderbugs to boost their power and enter a supercharged state.'),
(268, 4, NULL, 'Lightning courses through the fur and unique plating of this fanged wyvern. It is most deadly in its supercharged state.'),
(268, 6, NULL, 'Fanged Wyverns that store the electrical energy of the countless Thunderbugs that they gather.'),
(268, 5, NULL, 'Fanged wyverns whose bodies are streaked with electricity. Sharp claws and strong limbs allow them to thrive in mountainous terrain. During hunts, they gather numerous Thunderbugs to boost their power and enter a supercharged state.'),
(268, 7, NULL, 'Fangеd Wyvеrns that storе thе еlеctrical еnеrgy of thе countlеss Thundеrbugs that thеy gathеr.'),
(269, 4, NULL, 'An elder dragon that rises from the earth like a volcano. Where it\'s headed, and why, the Research Commission has yet to figure out.');

-- --------------------------------------------------------

--
-- Structure de la table `monster_subspecies`
--

CREATE TABLE `monster_subspecies` (
  `ms_fk_monster_id` int(11) NOT NULL,
  `ms_fk_subspecies_id` int(11) NOT NULL
) ENGINE=InnoDB DEFAULT CHARSET=utf8mb4;

--
-- Déchargement des données de la table `monster_subspecies`
--

INSERT INTO `monster_subspecies` (`ms_fk_monster_id`, `ms_fk_subspecies_id`) VALUES
(3, 104),
(12, 90),
(22, 202),
(22, 15),
(24, 47),
(29, 212),
(29, 89),
(31, 135),
(32, 206),
(33, 215),
(49, 195),
(53, 109),
(60, 84),
(68, 187),
(68, 234),
(69, 220),
(74, 213),
(75, 38),
(75, 43),
(75, 16),
(81, 208),
(86, 63),
(86, 258),
(94, 83),
(102, 27),
(105, 2),
(105, 128),
(110, 58),
(112, 39),
(126, 190),
(139, 127),
(141, 23),
(144, 201),
(145, 183),
(149, 209),
(150, 133),
(150, 1),
(151, 230),
(155, 225),
(162, 178),
(165, 232),
(165, 17),
(167, 259),
(170, 241),
(173, 122),
(173, 228),
(175, 207),
(176, 226),
(181, 82),
(184, 179),
(186, 123),
(189, 61),
(191, 104),
(192, 64),
(196, 91),
(199, 25),
(199, 227),
(199, 78),
(199, 18),
(200, 185),
(200, 108),
(200, 79),
(200, 19),
(205, 191),
(216, 72),
(217, 73),
(224, 210),
(238, 36),
(238, 80),
(239, 174),
(243, 50),
(243, 166),
(243, 125),
(244, 256),
(247, 233),
(247, 66),
(249, 40),
(250, 65),
(264, 70),
(264, 214),
(265, 44),
(267, 242),
(268, 235),
(268, 240),
(268, 20);

-- --------------------------------------------------------

--
-- Structure de la table `monster_weakness`
--

CREATE TABLE `monster_weakness` (
  `mw_fk_monster_id` int(11) NOT NULL,
  `mw_fk_weakness_id` int(11) NOT NULL
) ENGINE=InnoDB DEFAULT CHARSET=utf8mb4;

--
-- Déchargement des données de la table `monster_weakness`
--

INSERT INTO `monster_weakness` (`mw_fk_monster_id`, `mw_fk_weakness_id`) VALUES
(1, 1),
(2, 2),
(3, 6),
(3, 3),
(3, 1),
(4, 5),
(4, 6),
(5, 1),
(5, 5),
(6, 6),
(6, 5),
(7, 3),
(7, 6),
(7, 1),
(7, 2),
(8, 2),
(8, 3),
(9, 2),
(9, 6),
(9, 5),
(9, 3),
(9, 1),
(9, 4),
(10, 1),
(10, 2),
(11, 2),
(12, 6),
(13, 2),
(13, 6),
(13, 5),
(13, 3),
(14, 2),
(14, 5),
(15, 2),
(15, 3),
(16, 6),
(16, 3),
(16, 1),
(16, 5),
(17, 5),
(17, 1),
(18, 1),
(18, 5),
(19, 1),
(19, 5),
(20, 3),
(20, 6),
(20, 2),
(21, 2),
(21, 6),
(21, 5),
(21, 3),
(22, 2),
(22, 3),
(23, 6),
(23, 3),
(23, 5),
(24, 3),
(24, 6),
(25, 1),
(25, 3),
(26, 2),
(27, 6),
(28, 1),
(28, 2),
(29, 2),
(29, 5),
(30, 1),
(31, 6),
(31, 2),
(31, 3),
(32, 1),
(32, 6),
(33, 5),
(33, 3),
(33, 1),
(34, 1),
(34, 6),
(35, 5),
(35, 2),
(36, 3),
(36, 5),
(37, 3),
(37, 2),
(38, 3),
(39, 6),
(40, 2),
(40, 1),
(41, 2),
(42, 2),
(43, 6),
(44, 6),
(44, 5),
(45, 2),
(46, 2),
(47, 3),
(47, 6),
(49, 6),
(49, 3),
(50, 6),
(51, 5),
(52, 2),
(52, 5),
(53, 1),
(53, 5),
(54, 5),
(55, 3),
(55, 5),
(56, 3),
(56, 5),
(57, 1),
(57, 2),
(58, 2),
(58, 1),
(59, 2),
(60, 2),
(61, 3),
(62, 2),
(63, 1),
(63, 3),
(64, 3),
(65, 2),
(65, 6),
(65, 5),
(65, 3),
(66, 6),
(66, 1),
(67, 5),
(67, 1),
(68, 5),
(69, 1),
(70, 6),
(70, 3),
(71, 6),
(71, 5),
(72, 3),
(72, 5),
(73, 3),
(73, 6),
(73, 5),
(74, 1),
(74, 5),
(75, 3),
(76, 1),
(76, 3),
(77, 5),
(78, 1),
(78, 5),
(79, 1),
(79, 5),
(80, 6),
(80, 5),
(81, 2),
(81, 4),
(82, 6),
(83, 2),
(83, 5),
(84, 3),
(85, 2),
(85, 5),
(85, 3),
(86, 1),
(86, 2),
(87, 2),
(87, 6),
(87, 5),
(87, 3),
(88, 2),
(88, 6),
(88, 5),
(88, 3),
(88, 1),
(89, 2),
(90, 6),
(90, 3),
(91, 3),
(92, 5),
(93, 2),
(93, 5),
(94, 2),
(94, 5),
(95, 6),
(95, 2),
(95, 5),
(95, 3),
(96, 5),
(97, 6),
(97, 3),
(98, 6),
(98, 5),
(98, 3),
(99, 2),
(100, 2),
(102, 2),
(103, 5),
(104, 2),
(104, 1),
(105, 6),
(105, 1),
(106, 5),
(106, 2),
(107, 1),
(107, 2),
(108, 5),
(108, 6),
(109, 1),
(110, 2),
(110, 5),
(110, 1),
(111, 2),
(111, 5),
(112, 6),
(113, 2),
(114, 3),
(115, 6),
(115, 3),
(116, 5),
(116, 6),
(117, 2),
(118, 2),
(119, 2),
(120, 6),
(121, 3),
(122, 5),
(122, 2),
(123, 5),
(123, 2),
(125, 5),
(125, 1),
(126, 2),
(127, 2),
(128, 6),
(128, 3),
(129, 5),
(130, 2),
(130, 6),
(131, 5),
(131, 6),
(132, 6),
(133, 2),
(133, 1),
(135, 2),
(135, 5),
(136, 2),
(137, 2),
(138, 2),
(138, 5),
(139, 1),
(139, 3),
(140, 5),
(140, 6),
(141, 2),
(141, 5),
(142, 2),
(142, 6),
(142, 5),
(142, 3),
(143, 6),
(143, 3),
(144, 2),
(145, 2),
(145, 6),
(146, 2),
(146, 6),
(146, 5),
(146, 3),
(146, 1),
(146, 4),
(147, 6),
(148, 5),
(148, 3),
(149, 1),
(149, 5),
(150, 2),
(151, 2),
(151, 5),
(153, 2),
(153, 6),
(153, 5),
(153, 3),
(154, 6),
(155, 5),
(155, 2),
(156, 2),
(157, 2),
(157, 5),
(158, 1),
(158, 3),
(159, 2),
(160, 6),
(160, 5),
(161, 2),
(162, 2),
(162, 6),
(163, 2),
(163, 6),
(163, 5),
(163, 3),
(164, 2),
(164, 6),
(164, 5),
(164, 3),
(165, 5),
(165, 1),
(166, 6),
(166, 3),
(167, 5),
(167, 3),
(168, 2),
(168, 6),
(168, 5),
(168, 3),
(169, 2),
(169, 6),
(169, 5),
(169, 3),
(170, 3),
(170, 6),
(171, 1),
(171, 2),
(172, 2),
(173, 5),
(173, 2),
(174, 1),
(174, 3),
(175, 5),
(176, 2),
(176, 5),
(177, 3),
(177, 5),
(178, 6),
(179, 6),
(180, 6),
(180, 5),
(180, 3),
(181, 3),
(181, 5),
(183, 2),
(183, 6),
(184, 2),
(185, 1),
(185, 5),
(186, 5),
(186, 2),
(187, 3),
(187, 5),
(188, 2),
(189, 5),
(190, 2),
(191, 2),
(191, 5),
(192, 3),
(194, 1),
(194, 3),
(195, 3),
(195, 6),
(196, 3),
(197, 3),
(197, 6),
(198, 5),
(199, 1),
(199, 5),
(200, 1),
(200, 5),
(201, 6),
(202, 2),
(202, 3),
(203, 1),
(203, 6),
(204, 6),
(204, 5),
(204, 3),
(205, 2),
(205, 5),
(206, 3),
(207, 1),
(208, 6),
(208, 3),
(209, 6),
(209, 1),
(210, 5),
(210, 3),
(211, 1),
(212, 3),
(212, 5),
(213, 1),
(213, 5),
(214, 6),
(215, 3),
(216, 5),
(216, 2),
(217, 2),
(217, 3),
(218, 5),
(218, 3),
(219, 1),
(219, 2),
(220, 1),
(220, 5),
(220, 3),
(221, 3),
(222, 2),
(222, 5),
(223, 3),
(224, 5),
(224, 3),
(225, 2),
(225, 5),
(226, 3),
(226, 2),
(227, 6),
(227, 5),
(228, 5),
(228, 2),
(229, 5),
(229, 3),
(230, 2),
(230, 5),
(231, 5),
(231, 2),
(232, 5),
(232, 1),
(233, 6),
(233, 1),
(234, 5),
(235, 5),
(236, 1),
(236, 6),
(236, 3),
(237, 5),
(237, 2),
(238, 6),
(238, 5),
(239, 1),
(239, 3),
(240, 3),
(241, 2),
(241, 5),
(242, 3),
(242, 5),
(243, 5),
(243, 1),
(244, 6),
(245, 5),
(245, 3),
(246, 2),
(246, 5),
(247, 6),
(247, 1),
(248, 6),
(249, 2),
(249, 1),
(250, 2),
(250, 6),
(250, 5),
(250, 3),
(251, 5),
(251, 1),
(251, 2),
(252, 5),
(252, 3),
(253, 5),
(253, 3),
(254, 2),
(255, 2),
(255, 4),
(256, 5),
(256, 3),
(257, 6),
(258, 1),
(258, 2),
(259, 5),
(260, 1),
(260, 2),
(261, 3),
(262, 2),
(263, 2),
(263, 1),
(263, 6),
(263, 5),
(263, 3),
(264, 6),
(265, 6),
(265, 3),
(266, 5),
(266, 2),
(267, 5),
(267, 2),
(268, 3),
(269, 6),
(269, 1);

-- --------------------------------------------------------

--
-- Structure de la table `type`
--

CREATE TABLE `type` (
  `t_id` int(11) NOT NULL,
  `t_name` varchar(255) NOT NULL
) ENGINE=InnoDB DEFAULT CHARSET=utf8mb4;

--
-- Déchargement des données de la table `type`
--

INSERT INTO `type` (`t_id`, `t_name`) VALUES
(1, '???'),
(2, 'Amphibian'),
(3, 'Bird Wyvern'),
(4, 'Brute Wyvern'),
(5, 'Carapaceon'),
(6, 'Elder Dragon'),
(7, 'Fanged Beast'),
(8, 'Fanged Wyvern'),
(9, 'Fish'),
(10, 'Flying Wyvern'),
(11, 'Herbivore'),
(12, 'Leviathan'),
(13, 'Lynian'),
(14, 'Neopteron'),
(15, 'Piscine Wyvern'),
(16, 'Relict'),
(17, 'Snake Wyvern'),
(18, 'Temnoceran'),
(19, 'Wingdrake');

-- --------------------------------------------------------

--
-- Structure de la table `user`
--

CREATE TABLE `user` (
  `id` int(11) NOT NULL,
  `u_login` varchar(255) NOT NULL,
  `u_password` varchar(255) NOT NULL
) ENGINE=InnoDB DEFAULT CHARSET=utf8mb4;

--
-- Déchargement des données de la table `user`
--

INSERT INTO `user` (`id`, `u_login`, `u_password`) VALUES
(1, 'admin', '202cb962ac59075b964b07152d234b70');

-- --------------------------------------------------------

--
-- Structure de la table `weakness`
--

CREATE TABLE `weakness` (
  `w_id` int(11) NOT NULL,
  `w_name` varchar(255) NOT NULL
) ENGINE=InnoDB DEFAULT CHARSET=utf8mb4;

--
-- Déchargement des données de la table `weakness`
--

INSERT INTO `weakness` (`w_id`, `w_name`) VALUES
(1, 'Dragon'),
(2, 'Fire'),
(3, 'Ice'),
(4, 'Poison'),
(5, 'Thunder'),
(6, 'Water');

--
-- Index pour les tables déchargées
--

--
-- Index pour la table `ailment`
--
ALTER TABLE `ailment`
  ADD PRIMARY KEY (`a_id`);

--
-- Index pour la table `element`
--
ALTER TABLE `element`
  ADD PRIMARY KEY (`e_id`);

--
-- Index pour la table `game`
--
ALTER TABLE `game`
  ADD PRIMARY KEY (`g_id`);

--
-- Index pour la table `monster`
--
ALTER TABLE `monster`
  ADD PRIMARY KEY (`m_id`),
  ADD KEY `m_fk_type_id` (`m_fk_type_id`);

--
-- Index pour la table `monster_ailment`
--
ALTER TABLE `monster_ailment`
  ADD KEY `ma_fk_ailment_id` (`ma_fk_ailment_id`),
  ADD KEY `ma_fk_monster_id` (`ma_fk_monster_id`);

--
-- Index pour la table `monster_element`
--
ALTER TABLE `monster_element`
  ADD KEY `me_fk_monster_id` (`me_fk_monster_id`),
  ADD KEY `me_fk_element_id` (`me_fk_element_id`),
  ADD KEY `me_fk_monster_id_2` (`me_fk_monster_id`,`me_fk_element_id`);

--
-- Index pour la table `monster_game`
--
ALTER TABLE `monster_game`
  ADD KEY `mg_fk_monster_id` (`mg_fk_monster_id`),
  ADD KEY `mg_fk_game_id` (`mg_fk_game_id`);

--
-- Index pour la table `monster_subspecies`
--
ALTER TABLE `monster_subspecies`
  ADD KEY `ms_fk_monster_id` (`ms_fk_monster_id`),
  ADD KEY `ms_fk_subspecies_id` (`ms_fk_subspecies_id`);

--
-- Index pour la table `monster_weakness`
--
ALTER TABLE `monster_weakness`
  ADD KEY `mw_fk_monster_id` (`mw_fk_monster_id`),
  ADD KEY `mw_fk_weakness_id` (`mw_fk_weakness_id`);

--
-- Index pour la table `type`
--
ALTER TABLE `type`
  ADD PRIMARY KEY (`t_id`);

--
-- Index pour la table `user`
--
ALTER TABLE `user`
  ADD PRIMARY KEY (`id`);

--
-- Index pour la table `weakness`
--
ALTER TABLE `weakness`
  ADD PRIMARY KEY (`w_id`);

--
-- AUTO_INCREMENT pour les tables déchargées
--

--
-- AUTO_INCREMENT pour la table `ailment`
--
ALTER TABLE `ailment`
  MODIFY `a_id` int(11) NOT NULL AUTO_INCREMENT, AUTO_INCREMENT=30;

--
-- AUTO_INCREMENT pour la table `element`
--
ALTER TABLE `element`
  MODIFY `e_id` int(11) NOT NULL AUTO_INCREMENT, AUTO_INCREMENT=7;

--
-- AUTO_INCREMENT pour la table `game`
--
ALTER TABLE `game`
  MODIFY `g_id` int(11) NOT NULL AUTO_INCREMENT, AUTO_INCREMENT=8;

--
-- AUTO_INCREMENT pour la table `monster`
--
ALTER TABLE `monster`
  MODIFY `m_id` int(11) NOT NULL AUTO_INCREMENT, AUTO_INCREMENT=311;

--
-- AUTO_INCREMENT pour la table `type`
--
ALTER TABLE `type`
  MODIFY `t_id` int(11) NOT NULL AUTO_INCREMENT, AUTO_INCREMENT=20;

--
-- AUTO_INCREMENT pour la table `user`
--
ALTER TABLE `user`
  MODIFY `id` int(11) NOT NULL AUTO_INCREMENT, AUTO_INCREMENT=2;

--
-- AUTO_INCREMENT pour la table `weakness`
--
ALTER TABLE `weakness`
  MODIFY `w_id` int(11) NOT NULL AUTO_INCREMENT, AUTO_INCREMENT=7;

--
-- Contraintes pour les tables déchargées
--

--
-- Contraintes pour la table `monster`
--
ALTER TABLE `monster`
  ADD CONSTRAINT `monster_ibfk_1` FOREIGN KEY (`m_fk_type_id`) REFERENCES `type` (`t_id`) ON UPDATE CASCADE;

--
-- Contraintes pour la table `monster_ailment`
--
ALTER TABLE `monster_ailment`
  ADD CONSTRAINT `monster_ailment_ibfk_1` FOREIGN KEY (`ma_fk_monster_id`) REFERENCES `monster` (`m_id`) ON DELETE CASCADE ON UPDATE CASCADE,
  ADD CONSTRAINT `monster_ailment_ibfk_2` FOREIGN KEY (`ma_fk_ailment_id`) REFERENCES `ailment` (`a_id`) ON UPDATE CASCADE;

--
-- Contraintes pour la table `monster_element`
--
ALTER TABLE `monster_element`
  ADD CONSTRAINT `monster_element_ibfk_1` FOREIGN KEY (`me_fk_element_id`) REFERENCES `element` (`e_id`) ON UPDATE CASCADE,
  ADD CONSTRAINT `monster_element_ibfk_2` FOREIGN KEY (`me_fk_monster_id`) REFERENCES `monster` (`m_id`) ON DELETE CASCADE ON UPDATE CASCADE;

--
-- Contraintes pour la table `monster_game`
--
ALTER TABLE `monster_game`
  ADD CONSTRAINT `monster_game_ibfk_1` FOREIGN KEY (`mg_fk_monster_id`) REFERENCES `monster` (`m_id`) ON DELETE CASCADE ON UPDATE CASCADE,
  ADD CONSTRAINT `monster_game_ibfk_2` FOREIGN KEY (`mg_fk_game_id`) REFERENCES `game` (`g_id`) ON UPDATE CASCADE;

--
-- Contraintes pour la table `monster_subspecies`
--
ALTER TABLE `monster_subspecies`
  ADD CONSTRAINT `monster_subspecies_ibfk_1` FOREIGN KEY (`ms_fk_monster_id`) REFERENCES `monster` (`m_id`) ON DELETE CASCADE ON UPDATE CASCADE,
  ADD CONSTRAINT `monster_subspecies_ibfk_2` FOREIGN KEY (`ms_fk_subspecies_id`) REFERENCES `monster` (`m_id`) ON DELETE CASCADE ON UPDATE CASCADE;

--
-- Contraintes pour la table `monster_weakness`
--
ALTER TABLE `monster_weakness`
  ADD CONSTRAINT `monster_weakness_ibfk_1` FOREIGN KEY (`mw_fk_monster_id`) REFERENCES `monster` (`m_id`) ON DELETE CASCADE ON UPDATE CASCADE,
  ADD CONSTRAINT `monster_weakness_ibfk_2` FOREIGN KEY (`mw_fk_weakness_id`) REFERENCES `weakness` (`w_id`) ON UPDATE CASCADE;
COMMIT;

/*!40101 SET CHARACTER_SET_CLIENT=@OLD_CHARACTER_SET_CLIENT */;
/*!40101 SET CHARACTER_SET_RESULTS=@OLD_CHARACTER_SET_RESULTS */;
/*!40101 SET COLLATION_CONNECTION=@OLD_COLLATION_CONNECTION */;
